"","qRange","qDmda"
"1",0.01,3.93233309924489
"2",0.0100926219098705,3.9317204427815
"3",0.0101861017015598,3.93110236969853
"4",0.0102804473209331,3.93047883450819
"5",0.0103756667874519,3.92984979138528
"6",0.0104717681948552,3.92921519416548
"7",0.010568759711848,3.92857499634371
"8",0.0106666495827954,3.92792915107253
"9",0.0107654461284232,3.92727761116045
"10",0.0108651577465254,3.9266203290704
"11",0.0109657929126781,3.92595725691806
"12",0.0110673601809597,3.92528834647028
"13",0.0111698681846782,3.92461354914354
"14",0.0112733256371049,3.92393281600237
"15",0.0113777413322149,3.92324609775776
"16",0.0114831241454351,3.92255334476569
"17",0.0115894830343981,3.92185450702555
"18",0.0116968270397039,3.92114953417866
"19",0.011805165285688,3.9204383755068
"20",0.0119145069811978,3.91972097993071
"21",0.0120248614203741,3.91899729600862
"22",0.0121362379834424,3.91826727193487
"23",0.0122486461375093,3.91753085553842
"24",0.0123620954373677,3.9167879942815
"25",0.0124765955263087,3.91603863525823
"26",0.0125921561369415,3.91528272519323
"27",0.0127087870920206,3.9145202104403
"28",0.0128264983052806,3.91375103698111
"29",0.0129452997822792,3.91297515042389
"30",0.0130652016212472,3.91219249600218
"31",0.0131862140139475,3.91140301857359
"32",0.0133083472465408,3.91060666261854
"33",0.0134316117004602,3.90980337223911
"34",0.0135560178532937,3.90899309115785
"35",0.0136815762796747,3.90817576271666
"36",0.0138082976521809,3.90735132987566
"37",0.0139361927422414,3.90651973521208
"38",0.0140652724210524,3.90568092091929
"39",0.014195547660501,3.90483482880569
"40",0.0143270295340983,3.9039814002938
"41",0.0144597292179202,3.90312057641921
"42",0.0145936579915576,3.90225229782976
"43",0.014728827239075,3.90137650478456
"44",0.0148652484499786,3.90049313715319
"45",0.0150029332201922,3.89960213441489
"46",0.0151418932530435,3.89870343565773
"47",0.0152821403602587,3.89779697957791
"48",0.0154236864629663,3.89688270447906
"49",0.0155665435927106,3.89596054827153
"50",0.0157107238924745,3.89503044847185
"51",0.0158562396177114,3.89409234220208
"52",0.016003103137387,3.89314616618931
"53",0.0161513269350309,3.89219185676516
"54",0.0163009236097974,3.89122934986537
"55",0.0164519058775366,3.89025858102933
"56",0.0166042865718753,3.88927948539983
"57",0.0167580786453077,3.88829199772268
"58",0.0169132951702965,3.88729605234649
"59",0.0170699493403841,3.88629158322249
"60",0.0172280544713139,3.88527852390436
"61",0.0173876240021625,3.88425680754817
"62",0.0175486714964815,3.88322636691231
"63",0.0177112106434509,3.88218713435754
"64",0.0178752552590424,3.88113904184707
"65",0.0180408192871938,3.88008202094668
"66",0.0182079168009946,3.87901600282494
"67",0.0183765620038817,3.87794091825347
"68",0.018546769230847,3.87685669760725
"69",0.0187185529496558,3.87576327086505
"70",0.0188919277620767,3.87466056760983
"71",0.0190669084051225,3.87354851702932
"72",0.0192435097523033,3.87242704791657
"73",0.0194217468148903,3.87129608867066
"74",0.0196016347431919,3.87015556729739
"75",0.0197831888278416,3.86900541141011
"76",0.0199664245010979,3.86784554823062
"77",0.0201513573381556,3.86667590459012
"78",0.0203380030584698,3.86549640693023
"79",0.0205263775270925,3.86430698130415
"80",0.0207164967560207,3.86310755337781
"81",0.0209083769055575,3.86189804843123
"82",0.021102034285686,3.8606783913598
"83",0.0212974853574552,3.85944850667581
"84",0.0214947467343798,3.85820831850993
"85",0.0216938351838518,3.8569577506129
"86",0.0218947676285662,3.85569672635724
"87",0.022097561147959,3.85442516873903
"88",0.0223022329796594,3.85314300037988
"89",0.0225088005209546,3.85185014352889
"90",0.0227172813302691,3.8505465200648
"91",0.0229276931286565,3.84923205149816
"92",0.0231400538013065,3.84790665897369
"93",0.0233543813990648,3.84657026327266
"94",0.0235706941399673,3.8452227848154
"95",0.0237890104107889,3.84386414366398
"96",0.0240093487686065,3.84249425952491
"97",0.024231727942376,3.841113051752
"98",0.0244561668345245,3.83972043934933
"99",0.0246826845225569,3.83831634097434
"100",0.0249113002606779,3.83690067494102
"101",0.025142033481428,3.83547335922322
"102",0.0253749037973357,3.83403431145812
"103",0.0256099310025846,3.83258344894977
"104",0.0258471350746956,3.8311206886728
"105",0.0260865361762255,3.82964594727621
"106",0.0263281546564802,3.82815914108738
"107",0.0265720110532451,3.82666018611607
"108",0.0268181260945302,3.82514899805874
"109",0.0270665207003324,3.82362549230278
"110",0.0273172159844138,3.82208958393114
"111",0.0275702332560958,3.82054118772686
"112",0.0278255940220712,3.81898021817788
"113",0.0280833199882317,3.81740658948199
"114",0.0283434330615131,3.81582021555187
"115",0.0286059553517574,3.81422101002033
"116",0.0288709091735924,3.81260888624567
"117",0.0291383170483279,3.81098375731723
"118",0.0294082017058706,3.80934553606105
"119",0.029680586086656,3.80769413504572
"120",0.0299554933435981,3.80602946658842
"121",0.0302329468440578,3.80435144276106
"122",0.0305129701718287,3.8026599753966
"123",0.0307955871291423,3.80095497609561
"124",0.0310808217386906,3.79923635623291
"125",0.0313686982456688,3.7975040269644
"126",0.0316592411198352,3.79575789923414
"127",0.0319524750575921,3.79399788378151
"128",0.0322484249840844,3.79222389114863
"129",0.0325471160553185,3.79043583168788
"130",0.0328485736603004,3.7886336155697
"131",0.0331528234231942,3.78681715279049
"132",0.0334598912054997,3.78498635318078
"133",0.0337698031082509,3.78314112641351
"134",0.0340825854742345,3.78128138201257
"135",0.0343982648902292,3.77940702936152
"136",0.0347168681892656,3.77751797771249
"137",0.0350384224529067,3.77561413619528
"138",0.0353629550135504,3.77369541382671
"139",0.0356904934567523,3.77176171952014
"140",0.0360210656235707,3.76981296209518
"141",0.0363546996129332,3.76784905028765
"142",0.0366914237840249,3.76586989275975
"143",0.0370312667586993,3.76387539811042
"144",0.0373742574239106,3.76186547488593
"145",0.03772042493417,3.75984003159069
"146",0.0380697987140229,3.75779897669832
"147",0.0384224084605506,3.75574221866285
"148",0.0387782841458946,3.75366966593026
"149",0.0391374560198038,3.75158122695018
"150",0.0394999546122064,3.7494768101878
"151",0.0398658107358044,3.74735632413611
"152",0.0402350554886929,3.74521967732828
"153",0.0406077202570037,3.74306677835032
"154",0.0409838367175726,3.74089753585396
"155",0.0413634368406327,3.73871185856983
"156",0.0417465528925314,3.73650965532077
"157",0.0421332174384729,3.73429083503551
"158",0.0425234633452868,3.73205530676249
"159",0.0429173237842216,3.72980297968405
"160",0.043314832233764,3.7275337631307
"161",0.043716022482485,3.72524756659585
"162",0.0441209286319119,3.7229442997506
"163",0.0445295850994266,3.72062387245892
"164",0.0449420266211914,3.71828619479302
"165",0.0453582882551019,3.715931177049
"166",0.0457784053837662,3.71355872976275
"167",0.0462024137175131,3.71116876372615
"168",0.0466303492974273,3.70876119000346
"169",0.0470622484984128,3.70633591994804
"170",0.047498148032285,3.7038928652193
"171",0.0479380849508911,3.70143193779994
"172",0.0483820966492596,3.69895305001342
"173",0.0488302208687788,3.69645611454175
"174",0.0492824957004051,3.69394104444348
"175",0.0497389595879006,3.69140775317203
"176",0.0501996513311008,3.68885615459424
"177",0.0506646100892127,3.68628616300923
"178",0.0511338753841433,3.68369769316749
"179",0.0516074871038591,3.68109066029023
"180",0.0520854855057766,3.67846498008909
"181",0.0525679112201842,3.67582056878602
"182",0.0530548052536957,3.67315734313348
"183",0.0535462089927361,3.67047522043488
"184",0.0540421642070592,3.66777411856536
"185",0.0545427130532983,3.66505395599272
"186",0.0550478980785497,3.66231465179877
"187",0.0555577622239888,3.65955612570079
"188",0.0560723488285203,3.65677829807338
"189",0.0565917016324624,3.65398108997049
"190",0.0571158647812643,3.6511644231478
"191",0.0576448828292588,3.64832822008529
"192",0.0581788007434494,3.64547240401007
"193",0.0587176639073326,3.64259689891955
"194",0.0592615181247555,3.63970162960477
"195",0.0598104096238094,3.63678652167405
"196",0.0603643850607587,3.63385150157686
"197",0.0609234915240071,3.63089649662797
"198",0.0614877765381002,3.6279214350318
"199",0.062057288067765,3.62492624590707
"200",0.0626320745219869,3.62191085931164
"201",0.0632121847581245,3.61887520626764
"202",0.0637976680860628,3.61581921878678
"203",0.0643885742724042,3.61274282989594
"204",0.0649849535446989,3.60964597366293
"205",0.0655868565957143,3.60652858522256
"206",0.0661943345877439,3.60339060080282
"207",0.0668074391569562,3.60023195775132
"208",0.0674262224177834,3.59705259456201
"209",0.0680507369673521,3.59385245090195
"210",0.068681035889953,3.59063146763842
"211",0.0693171727615541,3.58738958686611
"212",0.0699592016543538,3.5841267519346
"213",0.0706071771413777,3.58084290747591
"214",0.0712611543011175,3.5775379994323
"215",0.0719211887222119,3.57421197508419
"216",0.0725873365081725,3.57086478307828
"217",0.0732596542821523,3.56749637345574
"218",0.0739381991917587,3.56410669768065
"219",0.0746230289139111,3.56069570866846
"220",0.0753142016597437,3.55726336081466
"221",0.0760117761795533,3.55380961002351
"222",0.076715811767793,3.55033441373691
"223",0.0774263682681127,3.54683773096334
"224",0.0781435060784454,3.5433195223069
"225",0.0788672861561415,3.53977974999641
"226",0.0795977700231499,3.5362183779146
"227",0.0803350197712474,3.53263537162733
"228",0.0810790980673169,3.52903069841285
"229",0.0818300681586739,3.5254043272911
"230",0.0825879938784427,3.52175622905304
"231",0.0833529396509819,3.51808637628994
"232",0.0841249704973612,3.51439474342271
"233",0.0849041520408875,3.51068130673117
"234",0.0856905505126835,3.50694604438331
"235",0.0864842327573172,3.5031889364645
"236",0.0872852662384838,3.49940996500661
"237",0.0880937190447399,3.49560911401705
"238",0.0889096598952916,3.49178636950776
"239",0.0897331581458352,3.48794171952404
"240",0.0905642837944529,3.48407515417325
"241",0.0914031074875623,3.48018666565342
"242",0.0922497005259217,3.47627624828163
"243",0.0931041348706907,3.47234389852223
"244",0.0939664831495469,3.46838961501491
"245",0.0948368186628592,3.46441339860247
"246",0.0957152153899187,3.46041525235845
"247",0.0966017479952265,3.45639518161441
"248",0.0974964918348409,3.45235319398696
"249",0.0983995229627823,3.44828929940458
"250",0.099310918137498,3.44420351013401
"251",0.100230754828387,3.44009584080635
"252",0.101159111222383,3.43596630844281
"253",0.102096066230605,3.43181493248006
"254",0.103041699495059,3.4276417347952
"255",0.103996091395412,3.42344673973026
"256",0.104959323055823,3.41922997411632
"257",0.105931476351837,3.41499146729707
"258",0.106912633917348,3.41073125115196
"259",0.107902879151618,3.40644936011876
"260",0.108902296226373,3.40214583121561
"261",0.10991097009295,3.39782070406245
"262",0.110928986489522,3.39347402090196
"263",0.111956431948388,3.38910582661975
"264",0.112993393803322,3.38471616876395
"265",0.114039960197003,3.38030509756415
"266",0.115096220088503,3.37587266594962
"267",0.11616226326085,3.37141892956673
"268",0.11723818032866,3.36694394679574
"269",0.118324062745838,3.36244777876669
"270",0.119420002813353,3.35793048937451
"271",0.120526093687084,3.35339214529331
"272",0.121642429385737,3.34883281598974
"273",0.122769104798836,3.34425257373553
"274",0.123906215694792,3.33965149361898
"275",0.125053858729039,3.33502965355562
"276",0.126212131452255,3.33038713429775
"277",0.127381132318648,3.32572401944306
"278",0.12856096069433,3.32104039544212
"279",0.129751716865759,3.31633635160486
"280",0.130953502048267,3.31161198010586
"281",0.132166418394661,3.30686737598853
"282",0.133390569003906,3.30210263716817
"283",0.134626057929891,3.29731786443369
"284",0.135872990190271,3.29251316144822
"285",0.137131471775394,3.28768863474844
"286",0.138401609657313,3.28284439374249
"287",0.139683511798874,3.27798055070673
"288",0.140977287162897,3.273097220781
"289",0.142283045721435,3.26819452196256
"290",0.143600898465126,3.26327257509861
"291",0.144930957412622,3.25833150387732
"292",0.146273335620113,3.25337143481746
"293",0.147628147190939,3.2483924972564
"294",0.148995507285285,3.24339482333674
"295",0.150375532129974,3.23837854799122
"296",0.151768339028341,3.23334380892611
"297",0.153174046370208,3.22829074660303
"298",0.154592773641948,3.223219504219
"299",0.156024641436637,3.21813022768494
"300",0.157469771464309,3.21302306560241
"301",0.158928286562298,3.20789816923859
"302",0.160400310705682,3.20275569249967
"303",0.16188596901782,3.19759579190223
"304",0.163385387780986,3.19241862654306
"305",0.164898694447107,3.18722435806701
"306",0.16642601764859,3.18201315063308
"307",0.167967487209265,3.17678517087862
"308",0.169523234155412,3.17154058788167
"309",0.171093390726901,3.16627957312142
"310",0.172678090388436,3.16100230043672
"311",0.174277467840892,3.15570894598271
"312",0.175891659032773,3.15039968818551
"313",0.177520801171763,3.14507470769491
"314",0.17916503273639,3.13973418733519
"315",0.180824493487795,3.13437831205384
"316",0.182499324481615,3.12900726886844
"317",0.184189668079971,3.12362124681145
"318",0.185895667963569,3.11822043687307
"319",0.187617469143912,3.11280503194206
"320",0.18935521797563,3.10737522674462
"321",0.191109062168914,3.10193121778121
"322",0.192879150802078,3.09647320326145
"323",0.194665634334226,3.09100138303695
"324",0.196468664618045,3.08551595853223
"325",0.198288394912707,3.08001713267365
"326",0.200124979896904,3.07450510981636
"327",0.201978575681988,3.06898009566928
"328",0.203849339825246,3.06344229721821
"329",0.205737431343291,3.05789192264701
"330",0.207643010725577,3.0523291812568
"331",0.209566239948043,3.04675428338344
"332",0.211507282486879,3.04116744031298
"333",0.213466303332424,3.03556886419547
"334",0.215443469003188,3.02995876795688
"335",0.217438947560008,3.02433736520924
"336",0.219452908620331,3.01870487015917
"337",0.221485523372636,3.0130614975146
"338",0.22353696459098,3.00740746238999
"339",0.225607406649686,3.00174298020981
"340",0.227697025538168,2.99606826661061
"341",0.229805998875885,2.99038353734149
"342",0.231934505927443,2.98468900816322
"343",0.234082727617829,2.97898489474588
"344",0.236250846547795,2.97327141256528
"345",0.238439047009372,2.96754877679801
"346",0.240647515001542,2.96181720221542
"347",0.242876438246045,2.95607690307636
"348",0.245126006203334,2.95032809301896
"349",0.247396410088681,2.94457098495138
"350",0.249687842888433,2.93880579094167
"351",0.252000499376409,2.93303272210689
"352",0.254334576130465,2.92725198850139
"353",0.256690271549195,2.92146379900454
"354",0.259067785868801,2.91566836120792
"355",0.261467321180109,2.90986588130198
"356",0.263889081445751,2.90405656396248
"357",0.266333272517498,2.89824061223655
"358",0.268800102153761,2.89241822742875
"359",0.271289780037247,2.88658960898699
"360",0.273802517792786,2.88075495438858
"361",0.276338529005317,2.87491445902649
"362",0.278898029238044,2.86906831609593
"363",0.281481236050758,2.86321671648132
"364",0.28408836901833,2.85735984864389
"365",0.286719649749377,2.85149789850995
"366",0.289375301905095,2.84563104935994
"367",0.292055551218275,2.83975948171849
"368",0.294760625512486,2.83388337324556
"369",0.297490754721444,2.8280028986288
"370",0.300246170908555,2.82211822947727
"371",0.30302710828664,2.81622953421667
"372",0.305833803237843,2.81033697798629
"373",0.308666494333727,2.80444072253767
"374",0.311525422355549,2.79854092613528
"375",0.314410830314726,2.79263774345927
"376",0.317322963473498,2.78673132551055
"377",0.320262069365765,2.78082181951814
"378",0.323228397818138,2.77490936884928
"379",0.326222200971167,2.76899411292207
"380",0.329243733300777,2.76307618712114
"381",0.332293251639897,2.75715572271629
"382",0.335371015200293,2.75123284678435
"383",0.338477285594598,2.74530768213441
"384",0.341612326858553,2.73938034723655
"385",0.344776405473446,2.73345095615425
"386",0.347969790388769,2.72751961848069
"387",0.351192753045073,2.72158643927897
"388",0.354445567397043,2.71565151902657
"389",0.357728509936787,2.70971495356405
"390",0.361041859717334,2.70377683404831
"391",0.364385898376354,2.69783724691039
"392",0.367760910160103,2.69189627381812
"393",0.371167181947576,2.68595399164364
"394",0.374605003274899,2.6800104724361
"395",0.378074666359935,2.67406578339948
"396",0.381576466127125,2.66811998687586
"397",0.385110700232557,2.66217314033419
"398",0.388677669089267,2.65622529636465
"399",0.392277675892772,2.65027650267895
"400",0.395911026646846,2.64432680211634
"401",0.399578030189527,2.63837623265588
"402",0.403278998219371,2.63242482743466
"403",0.407014245321944,2.62647261477252
"404",0.410784088996565,2.62051961820296
"405",0.414588849683291,2.6145658565107
"406",0.418428850790158,2.60861134377578
"407",0.422304418720667,2.6026560894243
"408",0.426215882901532,2.59670009828606
"409",0.430163575810679,2.59074337065896
"410",0.434147833005509,2.58478590238036
"411",0.438168993151419,2.5788276849055
"412",0.44222739805059,2.57286870539287
"413",0.446323392671039,2.5669089467968
"414",0.450457325175946,2.56094838796713
"415",0.45462954695324,2.5549870037561
"416",0.458840412645476,2.54902476513246
"417",0.463090280179974,2.54306163930276
"418",0.467379510799246,2.53709758983993
"419",0.471708469091702,2.53113257681907
"420",0.476077523022637,2.52516655696044
"421",0.480487043965513,2.5191994837797
"422",0.484937406733524,2.51323130774521
"423",0.489428989611453,2.50726197644255
"424",0.493962174387832,2.50129143474606
"425",0.498537346387389,2.49531962499735
"426",0.503154894503805,2.48934648719073
"427",0.507815211232767,2.48337195916553
"428",0.512518692705333,2.47739597680505
"429",0.517265738721602,2.47141847424216
"430",0.522056752784698,2.46543938407142
"431",0.526892142135067,2.45945863756746
"432",0.531772317785097,2.45347616490967
"433",0.536697694554048,2.44749189541278
"434",0.541668691103315,2.44150575776344
"435",0.546685729972018,2.43551768026238
"436",0.551749237612913,2.42952759107204
"437",0.556859644428641,2.42353541846953
"438",0.562017384808319,2.41754109110451
"439",0.567222897164454,2.41154453826196
"440",0.572476623970218,2.40554569012941
"441",0.57777901179705,2.39954447806853
"442",0.583130511352622,2.3935408348906
"443",0.588531577519145,2.38753469513585
"444",0.593982669392036,2.38152599535603
"445",0.599484250318941,2.37551467440024
"446",0.605036787939122,2.36950067370339
"447",0.610640754223204,2.36348393757725
"448",0.616296625513294,2.35746441350341
"449",0.622004882563471,2.35144205242812
"450",0.62776601058065,2.34541680905843
"451",0.633580499265825,2.33938864215925
"452",0.639448842855694,2.33335751485111
"453",0.64537154016467,2.32732339490807
"454",0.65134909462728,2.32128625505531
"455",0.657382014340959,2.31524607326625
"456",0.663470812109235,2.30920283305848
"457",0.669616005485322,2.30315652378822
"458",0.675818116816111,2.29710714094289
"459",0.682077673286569,2.2910546864312
"460",0.68839520696455,2.28499916887048
"461",0.694771254846024,2.27894060387066
"462",0.701206358900718,2.27287901431449
"463",0.707701066118189,2.26681443063354
"464",0.714255928554313,2.26074689107949
"465",0.720871503378214,2.2546764419902
"466",0.727548352919623,2.24860313805017
"467",0.734287044716676,2.24252704254483
"468",0.741088151564157,2.23644822760827
"469",0.747952251562182,2.23036677446377
"470",0.754879928165344,2.22428277365691
"471",0.7618717702323,2.21819632528051
"472",0.768928372075831,2.21210753919117
"473",0.776050333513357,2.20601653521674
"474",0.78323825991792,2.19992344335442
"475",0.790492762269642,2.193828403959
"476",0.797814457207663,2.18773156792069
"477",0.805203967082547,2.18163309683221
"478",0.812661920009195,2.17553316314474
"479",0.82018894992022,2.16943195031217
"480",0.827785696619848,2.1633296529234
"481",0.835452805838287,2.15722647682216
"482",0.843190929286626,2.15112263921406
"483",0.851000724712225,2.14501836876052
"484",0.858882855954625,2.1389139056591
"485",0.866837993001978,2.13280950171003
"486",0.874866812047991,2.12670542036857
"487",0.882969995549409,2.12060193678292
"488",0.89114823228402,2.11449933781732
"489",0.899402217409204,2.10839792206021
"490",0.907732652521023,2.10229799981712
"491",0.916140245713852,2.09619989308812
"492",0.924625711640574,2.09010393552957
"493",0.933189771573324,2.08401047240014
"494",0.941833153464795,2.07791986049074
"495",0.95055659201012,2.07183246803848
"496",0.959360828709314,2.06574867462444
"497",0.968246611930312,2.05966887105514
"498",0.977214696972572,2.05359345922774
"499",0.986265846131282,2.04752285197902
"500",0.995400828762152,2.04145747291805
"501",1.00462042134681,2.03539775624259
"502",1.01392540755882,2.02934414653954
"503",1.02331657833024,2.02329709856889
"504",1.03279473191895,2.01725707703242
"505",1.0423606739764,2.01122455632614
"506",1.05201521761616,2.00520002027742
"507",1.061759183483,1.99918396186676
"508",1.07159339982267,1.99317688293453
"509",1.08151870255229,1.98717929387291
"510",1.09153593533139,1.9811917133034
"511",1.10164594963366,1.97521466774027
"512",1.11184960481927,1.96924869124019
"513",1.12214776820798,1.96329432503868
"514",1.13254131515281,1.95735211717353
"515",1.14303112911448,1.95142262209593
"516",1.15361810173648,1.94550640026959
"517",1.16430313292088,1.93960401775849
"518",1.17508713090481,1.93371604580372
"519",1.18597101233767,1.92784306039007
"520",1.19695570235904,1.92198564180283
"521",1.20804213467733,1.91614437417557
"522",1.21923125164911,1.9103198450294
"523",1.23052400435926,1.90451264480442
"524",1.24192135270178,1.89872336638405
"525",1.2534242654614,1.89295260461288
"526",1.2650337203959,1.88720095580881
"527",1.27675070431927,1.88146901727016
"528",1.28857621318552,1.87575738677848
"529",1.30051125217341,1.8700666620978
"530",1.31255683577184,1.86439744047118
"531",1.32471398786612,1.85875031811514
"532",1.33698374182495,1.8531258897129
"533",1.34936714058831,1.84752474790713
"534",1.36186523675608,1.84194748279302
"535",1.37447909267754,1.83639468141242
"536",1.38720978054162,1.83086692724984
"537",1.4000583824681,1.82536479973114
"538",1.41302599059953,1.81988887372558
"539",1.42611370719413,1.81443971905208
"540",1.43932264471941,1.80901789999042
"541",1.45265392594678,1.80362397479815
"542",1.46610868404698,1.79825849523392
"543",1.4796880626864,1.79292200608795
"544",1.49339321612425,1.78761504472039
"545",1.50722530931076,1.78233814060825
"546",1.5211855179861,1.77709181490157
"547",1.53527502878042,1.77187657998947
"548",1.54949503931463,1.76669293907673
"549",1.56384675830225,1.76154138577158
"550",1.57833140565212,1.75642240368516
"551",1.59295021257212,1.75133646604331
"552",1.60770442167382,1.74628403531122
"553",1.62259528707809,1.74126556283142
"554",1.63762407452169,1.73628148847563
"555",1.6527920614649,1.73133224031086
"556",1.66810053720006,1.72641823428032
"557",1.6835508029612,1.72153987389932
"558",1.69914417203463,1.71669754996674
"559",1.71488196987054,1.71189164029229
"560",1.73076553419573,1.70712250943981
"561",1.74679621512725,1.70239050848702
"562",1.76297537528721,1.69769597480179
"563",1.77930438991858,1.69303923183524
"564",1.7957846470021,1.68842058893182
"565",1.81241754737424,1.68384034115637
"566",1.82920450484629,1.67929876913851
"567",1.84614694632455,1.67479613893412
"568",1.86324631193156,1.67033270190424
"569",1.88050405512858,1.66590869461107
"570",1.8979216428391,1.66152433873139
"571",1.91550055557353,1.65717984098699
"572",1.93324228755505,1.65287539309228
"573",1.95114834684662,1.64861117171874
"574",1.96922025547917,1.64438733847626
"575",1.98745954958098,1.64020403991101
"576",2.00586777950823,1.63606140751971
"577",2.0244465099768,1.63195955778004
"578",2.04319732019527,1.62789859219695
"579",2.06212180399914,1.62387859736451
"580",2.08122156998634,1.6198996450431
"581",2.10049824165392,1.61596179225148
"582",2.11995345753607,1.61206508137344
"583",2.13958887134342,1.60820954027869
"584",2.15940615210357,1.60439518245754
"585",2.17940698430296,1.60062200716891
"586",2.19959306803007,1.59688999960143
"587",2.21996611911995,1.5931991310469
"588",2.24052786930002,1.58954935908595
"589",2.26128006633728,1.5859406277852
"590",2.2822244741869,1.58237286790555
"591",2.30336287314213,1.57884599712108
"592",2.32469705998565,1.57535992024814
"593",2.34622884814226,1.57191452948392
"594",2.36796006783308,1.56850970465424
"595",2.38989256623105,1.56514531346986
"596",2.41202820761801,1.56182121179088
"597",2.43436887354311,1.55853724389871
"598",2.45691646298279,1.55529324277501
"599",2.47967289250216,1.55208903038715
"600",2.50264009641792,1.54892441797969
"601",2.52582002696278,1.54579920637125
"602",2.54921465445142,1.54271318625643
"603",2.57282596744793,1.539666138512
"604",2.59665597293487,1.53665783450724
"605",2.62070669648385,1.53368803641749
"606",2.64498018242772,1.53075649754078
"607",2.66947849403432,1.52786296261686
"608",2.69420371368188,1.52500716814822
"609",2.71915794303602,1.52218884272256
"610",2.74434330322837,1.51940770733638
"611",2.76976193503689,1.51666347571911
"612",2.79541599906786,1.51395585465746
"613",2.82130767593947,1.5112845443194
"614",2.84743916646725,1.50864923857758
"615",2.87381269185107,1.50604962533156
"616",2.90043049386399,1.50348538682864
"617",2.92729483504282,1.50095619998278
"618",2.95440799888038,1.49846173669136
"619",2.98177229001967,1.49600166414932
"620",3.00939003444972,1.49357564516044
"621",3.03726357970331,1.49118333844535
"622",3.06539529505653,1.48882439894603
"623",3.09378757173014,1.4864984781265
"624",3.12244282309286,1.48420522426936
"625",3.15136348486648,1.48194428276797
"626",3.18055201533292,1.47971529641397
"627",3.21001089554317,1.47751790567999
"628",3.2397426295282,1.47535174899724
"629",3.26974974451177,1.47321646302777
"630",3.30003479112529,1.47111168293125
"631",3.33060034362459,1.46903704262612
"632",3.36144900010876,1.46699217504479
"633",3.39258338274099,1.46497671238295
"634",3.42400613797143,1.46299028634264
"635",3.45571993676214,1.46103252836916
"636",3.48772747481418,1.45910306988146
"637",3.52003147279668,1.45720154249617
"638",3.55263467657814,1.45532757824497
"639",3.58553985745982,1.45348080978539
"640",3.61874981241128,1.45166087060479
"641",3.65226736430818,1.44986739521772
"642",3.68609536217216,1.44810001935628
"643",3.72023668141307,1.44635838015387
"644",3.75469422407334,1.44464211632188
"645",3.78947091907467,1.44295086831967
"646",3.824569722467,1.44128427851758
"647",3.85999361767977,1.4396419913532
"648",3.8957456157755,1.43802365348075
"649",3.93182875570577,1.43642891391363
"650",3.96824610456948,1.43485742416038
"651",4.00500075787361,1.43330883835374
"652",4.04209583979631,1.43178281337325
"653",4.07953450345245,1.43027900896114
"654",4.11731993116168,1.4287970878318
"655",4.15545533471888,1.42733671577484
"656",4.19394395566719,1.42589756175173
"657",4.23278906557355,1.42447929798633
"658",4.27199396630678,1.42308160004922
"659",4.31156199031823,1.42170414693596
"660",4.35149650092505,1.42034662113958
"661",4.39180089259609,1.41900870871713
"662",4.4324785912404,1.41769009935064
"663",4.47353305449846,1.4163904864025
"664",4.5149677720361,1.4151095669655
"665",4.55678626584106,1.41384704190747
"666",4.59899209052244,1.41260261591092
"667",4.64158883361278,1.41137599750757
"668",4.68458011587304,1.4101668991081
"669",4.72796959160039,1.40897503702716
"670",4.77176094893875,1.40780013150386
"671",4.81595791019235,1.40664190671781
"672",4.86056423214213,1.40550009080094
"673",4.90558370636505,1.40437441584521
"674",4.95102015955635,1.40326461790635
"675",4.99687745385488,1.40217043700386
"676",5.04315948717136,1.40109161711731
"677",5.08987019351968,1.40002790617922
"678",5.13701354335134,1.39897905606455
"679",5.18459354389291,1.39794482257701
"680",5.23261423948666,1.39692496543243
"681",5.28107971193433,1.39591924823915
"682",5.32999408084409,1.39492743847574
"683",5.3793615039807,1.39394930746613
"684",5.42918617761894,1.39298463035229
"685",5.47947233690029,1.39203318606464
"686",5.5302242561929,1.39109475729033
"687",5.58144624945496,1.39016913043944
"688",5.63314267060136,1.38925609560938
"689",5.68531791387375,1.38835544654749
"690",5.73797641421413,1.3874669806121
"691",5.79112264764176,1.38659049873201
"692",5.84476113163363,1.38572580536468
"693",5.8988964255085,1.38487270845316
"694",5.95353313081437,1.3840310193819
"695",6.00867589171969,1.38320055293149
"696",6.06432939540806,1.38238112723263
"697",6.1204983724767,1.38157256371913
"698",6.17718759733849,1.38077468708037
"699",6.23440188862786,1.37998732521307
"700",6.29214610961034,1.3792103091726
"701",6.35042516859596,1.37844347312383
"702",6.40924401935645,1.37768665429173
"703",6.46860766154633,1.37693969291162
"704",6.52852114112785,1.37620243217939
"705",6.58898955079995,1.3754747182015
"706",6.65001803043112,1.37475639994503
"707",6.71161176749628,1.37404732918776
"708",6.77377599751775,1.37334736046838
"709",6.83651600451024,1.3726563510368
"710",6.89983712143002,1.37197416080483
"711",6.96374473062822,1.37130065229695
"712",7.02824426430835,1.37063569060155
"713",7.093341204988,1.3699791433225
"714",7.15904108596489,1.36933088053114
"715",7.22534949178721,1.36869077471868
"716",7.29227205872831,1.36805870074914
"717",7.35981447526576,1.36743453581283
"718",7.42798248256492,1.3668181593803
"719",7.49678187496688,1.36620945315698
"720",7.56621850048105,1.36560830103831
"721",7.63629826128224,1.36501458906557
"722",7.7070271142123,1.36442820538235
"723",7.77841107128649,1.36384904019166
"724",7.85045620020451,1.36327698571371
"725",7.92316862486625,1.3627119361444
"726",7.99655452589235,1.3621537876145
"727",8.0706201411495,1.36160243814955
"728",8.14537176628074,1.36105778763044
"729",8.22081575524054,1.36051973775474
"730",8.29695852083491,1.35998819199875
"731",8.37380653526649,1.35946305558023
"732",8.45136633068471,1.35894423542194
"733",8.52964449974102,1.35843164011581
"734",8.60864769614924,1.35792517988788
"735",8.68838263525118,1.35742476656395
"736",8.76885609458743,1.35693031353593
"737",8.85007491447344,1.3564417357289
"738",8.93204599858097,1.35595894956891
"739",9.01477631452492,1.35548187295137
"740",9.09827289445556,1.35501042521026
"741",9.18254283565628,1.3545445270879
"742",9.26759330114688,1.35408410070545
"743",9.35343152029239,1.35362906953406
"744",9.4400647894176,1.35317935836665
"745",9.52750047242729,1.35273489329032
"746",9.6157460014321,1.35229560165946
"747",9.70480887738031,1.35186141206934
"748",9.7946966706954,1.35143225433044
"749",9.88541702191957,1.3510080594433
"750",9.9769776423632,1.35058875957396
"751",10.0693863147603,1.35017428802996
"752",10.16265089393,1.34976457923693
"753",10.2567793074442,1.34935956871574
"754",10.3517795563018,1.34895919306006
"755",10.447659715608,1.34856338991464
"756",10.5444279352617,1.34817209795391
"757",10.6420924406472,1.34778525686122
"758",10.7406615333343,1.34740280730846
"759",10.8401435917833,1.34702469093625
"760",10.9405470720574,1.34665085033452
"761",11.0418805085416,1.34628122902358
"762",11.1441525146679,1.34591577143566
"763",11.2473717836475,1.34555442289676
"764",11.35154708921,1.34519712960911
"765",11.4566872863487,1.34484383863386
"766",11.5628013120738,1.3444944978743
"767",11.6698981861715,1.34414905605939
"768",11.7779870119712,1.34380746272769
"769",11.887076977119,1.34346966821171
"770",11.9971773543588,1.34313562362253
"771",12.1082975023204,1.34280528083487
"772",12.2204468663149,1.34247859247243
"773",12.3336349791378,1.34215551189357
"774",12.4478714618791,1.34183599317738
"775",12.5631660247412,1.34151999111001
"776",12.6795284678643,1.3412074611713
"777",12.7969686821594,1.34089835952174
"778",12.9154966501488,1.34059264298974
"779",13.0351224468151,1.34029026905915
"780",13.155856240457,1.33999119585705
"781",13.2777082935543,1.33969538214187
"782",13.4006889636395,1.33940278729172
"783",13.5248087041788,1.339113371293
"784",13.6500780654601,1.33882709472924
"785",13.7765076954905,1.33854391877023
"786",13.9041083409007,1.33826380516135
"787",14.0328908478587,1.33798671621312
"788",14.162866162992,1.33771261479106
"789",14.2940453343176,1.33744146430562
"790",14.4264395121816,1.33717322870253
"791",14.5600599502065,1.33690787245313
"792",14.6949180062482,1.33664536054512
"793",14.831025143361,1.33638565847335
"794",14.9683929307726,1.33612873223089
"795",15.1070330448665,1.33587454830026
"796",15.2469572701757,1.33562307364487
"797",15.3881775003835,1.33537427570059
"798",15.5307057393346,1.33512812236755
"799",15.674554102056,1.33488458200208
"800",15.819734815786,1.33464362340885
"801",15.9662602210143,1.33440521583312
"802",16.1141427725302,1.3341693289532
"803",16.2633950404819,1.33393593287306
"804",16.4140297114447,1.33370499811504
"805",16.5660595894991,1.33347649561279
"806",16.7194975973199,1.33325039670428
"807",16.8743567772738,1.33302667312503
"808",17.0306502925284,1.33280529700137
"809",17.1883914281715,1.33258624084395
"810",17.3475935923393,1.33236947754128
"811",17.5082703173573,1.33215498035352
"812",17.6704352608895,1.33194272290623
"813",17.8341022071001,1.33173267918443
"814",17.9992850678248,1.33152482352661
"815",18.1659978837533,1.33131913061896
"816",18.3342548256229,1.33111557548971
"817",18.504070195423,1.33091413350352
"818",18.6754584276108,1.33071478035603
"819",18.848434090338,1.33051749206852
"820",19.0230118866894,1.33032224498265
"821",19.1992066559328,1.33012901575527
"822",19.3770333747799,1.32993778135345
"823",19.5565071586595,1.32974851904944
"824",19.7376432630026,1.32956120641588
"825",19.9204570845387,1.32937582132098
"826",20.104964162605,1.32919234192388
"827",20.2911801804668,1.32901074667007
"828",20.4791209666509,1.32883101428686
"829",20.6688024962908,1.32865312377896
"830",20.860240892485,1.3284770544242
"831",21.0534524276671,1.32830278576923
"832",21.2484535249888,1.32813029762537
"833",21.4452607597167,1.3279595700645
"834",21.6438908606402,1.32779058341508
"835",21.8443607114943,1.32762331825816
"836",22.0466873523941,1.32745775542353
"837",22.2508879812837,1.32729387598594
"838",22.4569799553977,1.32713166126133
"839",22.6649807927369,1.32697109280321
"840",22.874908173557,1.32681215239902
"841",23.0867799418717,1.32665482206664
"842",23.3006141069692,1.32649908405091
"843",23.5164288449435,1.32634492082021
"844",23.7342425002387,1.32619231506315
"845",23.9540735872088,1.32604124968526
"846",24.1759407916913,1.32589170780578
"847",24.3998629725955,1.32574367275446
"848",24.6258591635055,1.32559712806853
"849",24.853948574298,1.32545205748954
"850",25.0841505927754,1.32530844496045
"851",25.3164847863136,1.32516627462261
"852",25.5509709035251,1.32502553081291
"853",25.787628875938,1.32488619806093
"854",26.02647881969,1.3247482610861
"855",26.2675410372384,1.324611704795
"856",26.5108360190854,1.32447651427863
"857",26.7563844455205,1.32434267480979
"858",27.0042071883777,1.32421017184042
"859",27.2543253128103,1.32407899099907
"860",27.5067600790806,1.32394911808837
"861",27.761532944368,1.32382053908257
"862",28.018665564592,1.32369324012508
"863",28.2781797962534,1.32356720752607
"864",28.5400976982924,1.32344242776016
"865",28.804441533963,1.32331888746407
"866",29.0712337727258,1.32319657343433
"867",29.3404970921579,1.32307547262509
"868",29.6122543798803,1.32295557214588
"869",29.8865287355038,1.32283685925949
"870",30.163343472592,1.32271932137978
"871",30.442722120643,1.32260294606964
"872",30.72468842709,1.32248772103892
"873",31.0092663593193,1.32237363414239
"874",31.2964801067075,1.32226067337775
"875",31.5863540826782,1.32214882688372
"876",31.8789129267765,1.32203808293804
"877",32.1741815067637,1.32192842995562
"878",32.4721849207313,1.32181985648668
"879",32.7729484992338,1.32171235121487
"880",33.0764978074424,1.32160590295554
"881",33.3828586473176,1.32150050065388
"882",33.6920570598027,1.32139613338324
"883",34.0041193270371,1.32129279034338
"884",34.3190719745904,1.32119046085878
"885",34.6369417737173,1.32108913437697
"886",34.9577557436328,1.3209888004669
"887",35.2815411538088,1.32088944881735
"888",35.6083255262928,1.32079106923528
"889",35.9381366380463,1.32069365164433
"890",36.2710025233065,1.32059718608325
"891",36.606951475969,1.32050166270438
"892",36.946012051993,1.32040707177219
"893",37.2882130718283,1.32031340366178
"894",37.6335836228653,1.32022064885747
"895",37.9821530619074,1.32012879795132
"896",38.333951017666,1.3200378416418
"897",38.6890073932798,1.31994777073236
"898",39.0473523688556,1.31985857613009
"899",39.4090164040345,1.31977024884437
"900",39.7740302405804,1.31968277998559
"901",40.1424249049932,1.3195961607638
"902",40.5142317111465,1.31951038248748
"903",40.8894822629486,1.31942543656223
"904",41.2682084570295,1.3193413144896
"905",41.6504424854518,1.31925800786581
"906",42.0362168384471,1.31917550838056
"907",42.4255643071778,1.31909380781587
"908",42.8185179865241,1.31901289804489
"909",43.2151112778976,1.31893277103076
"910",43.6153778920801,1.31885341882547
"911",44.0193518520887,1.31877483356876
"912",44.4270674960688,1.318697007487
"913",44.8385594802119,1.31861993289212
"914",45.2538627817017,1.31854360218053
"915",45.6730127016875,1.3184680078321
"916",46.0960448682843,1.31839314240908
"917",46.5229952396019,1.31831899855511
"918",46.9539001068006,1.3182455689942
"919",47.3887960971765,1.31817284652975
"920",47.8277201772749,1.31810082404356
"921",48.2707096560318,1.31802949449486
"922",48.7178021879463,1.31795885091939
"923",49.1690357762803,1.31788888642842
"924",49.6244487762891,1.31781959420787
"925",50.0840798984821,1.31775096751739
"926",50.5479682119124,1.31768299968942
"927",51.0161531474983,1.31761568412839
"928",51.4886745013749,1.31754901430976
"929",51.9655724382766,1.31748298377922
"930",52.4468874949512,1.31741758615182
"931",52.9326605836056,1.31735281511113
"932",53.4229329953835,1.31728866440844
"933",53.917746403875,1.31722512786192
"934",54.4171428686589,1.31716219935584
"935",54.9211648388779,1.31709987283977
"936",55.4298551568467,1.31703814232779
"937",55.9432570616938,1.31697700189775
"938",56.4614141930367,1.31691644569051
"939",56.9843705946914,1.31685646790915
"940",57.5121707184161,1.31679706281828
"941",58.0448594276898,1.31673822474331
"942",58.5824820015254,1.31667994806971
"943",59.1250841383188,1.3166222272423
"944",59.6727119597332,1.31656505676459
"945",60.2254120146193,1.31650843119805
"946",60.7832312829723,1.31645234516147
"947",61.3462171799251,1.31639679333026
"948",61.9144175597784,1.31634177043578
"949",62.4878807200689,1.31628727126476
"950",63.0666554056741,1.31623329065855
"951",63.6507908129557,1.31617982351258
"952",64.2403365939419,1.31612686477568
"953",64.8353428605472,1.31607440944948
"954",65.4358601888324,1.3160224525878
"955",66.0419396233031,1.31597098929606
"956",66.6536326812491,1.31592001473065
"957",67.2709913571234,1.31586952409838
"958",67.8940681269611,1.31581951265591
"959",68.5229159528406,1.31576997570914
"960",69.1575882873853,1.31572090861268
"961",69.7981390783066,1.31567230676927
"962",70.4446227729904,1.31562416562926
"963",71.0970943231243,1.31557648069005
"964",71.7556091893693,1.31552924749555
"965",72.4202233460732,1.31548246163569
"966",73.0909932860291,1.31543611874585
"967",73.7679760252773,1.31539021450638
"968",74.4512291079513,1.31534474464207
"969",75.1408106111697,1.31529970492168
"970",75.8367791499719,1.31525509115742
"971",76.5391938823015,1.31521089920447
"972",77.248114514034,1.3151671249605
"973",77.9636013040523,1.3151237643652
"974",78.6857150693685,1.31508081339981
"975",79.4145171902934,1.31503826808662
"976",80.150069615654,1.31499612448858
"977",80.8924348680594,1.3149543787088
"978",81.6416760492146,1.31491302689011
"979",82.3978568452852,1.31487206521463
"980",83.1610415323096,1.31483148990334
"981",83.9312949816636,1.31479129721563
"982",84.708682665574,1.31475148344888
"983",85.4932706626838,1.31471204493808
"984",86.2851256636689,1.31467297805535
"985",87.0843149769072,1.31463427920959
"986",87.8909065341995,1.31459594484604
"987",88.704968896544,1.31455797144591
"988",89.5265712599639,1.31452035552595
"989",90.3557834613893,1.31448309363809
"990",91.192675984593,1.31444618236907
"991",92.0373199661822,1.31440961834002
"992",92.889787201645,1.3143733982061
"993",93.7501501514529,1.31433751865614
"994",94.61848194722,1.31430197641229
"995",95.4948563979197,1.31426676822961
"996",96.3793479961579,1.31423189089576
"997",97.2720319245054,1.31419734123062
"998",98.1729840618884,1.31416311608596
"999",99.082280990038,1.31412921234509
"1000",100,1.31409562692251
