"","qRange","qDsum"
"1",0.01,5.8401257020149
"2",0.0100926219098705,5.83866901267839
"3",0.0101861017015598,5.83719927643259
"4",0.0102804473209331,5.83571638062969
"5",0.0103756667874519,5.83422021172843
"6",0.0104717681948552,5.83271065528865
"7",0.010568759711848,5.83118759596563
"8",0.0106666495827954,5.8296509175046
"9",0.0107654461284232,5.82810050273513
"10",0.0108651577465254,5.82653623356561
"11",0.0109657929126781,5.82495799097766
"12",0.0110673601809597,5.82336565502058
"13",0.0111698681846782,5.82175910480579
"14",0.0112733256371049,5.82013821850127
"15",0.0113777413322149,5.81850287332602
"16",0.0114831241454351,5.81685294554451
"17",0.0115894830343981,5.81518831046115
"18",0.0116968270397039,5.81350884241474
"19",0.011805165285688,5.81181441477296
"20",0.0119145069811978,5.81010489992685
"21",0.0120248614203741,5.80838016928534
"22",0.0121362379834424,5.80664009326969
"23",0.0122486461375093,5.8048845413081
"24",0.0123620954373677,5.80311338183017
"25",0.0124765955263087,5.8013264822615
"26",0.0125921561369415,5.79952370901824
"27",0.0127087870920206,5.79770492750169
"28",0.0128264983052806,5.7958700020929
"29",0.0129452997822792,5.79401879614727
"30",0.0130652016212472,5.79215117198928
"31",0.0131862140139475,5.79026699090706
"32",0.0133083472465408,5.78836611314719
"33",0.0134316117004602,5.78644839790934
"34",0.0135560178532937,5.78451370334107
"35",0.0136815762796747,5.78256188653264
"36",0.0138082976521809,5.78059280351175
"37",0.0139361927422414,5.77860630923844
"38",0.0140652724210524,5.77660225759999
"39",0.014195547660501,5.7745805014058
"40",0.0143270295340983,5.77254089238235
"41",0.0144597292179202,5.77048328116822
"42",0.0145936579915576,5.76840751730914
"43",0.014728827239075,5.76631344925303
"44",0.0148652484499786,5.76420092434516
"45",0.0150029332201922,5.76206978882334
"46",0.0151418932530435,5.75991988781312
"47",0.0152821403602587,5.75775106532306
"48",0.0154236864629663,5.75556316424012
"49",0.0155665435927106,5.75335602632496
"50",0.0157107238924745,5.7511294922075
"51",0.0158562396177114,5.74888340138229
"52",0.016003103137387,5.74661759220421
"53",0.0161513269350309,5.74433190188402
"54",0.0163009236097974,5.74202616648409
"55",0.0164519058775366,5.73970022091419
"56",0.0166042865718753,5.73735389892728
"57",0.0167580786453077,5.73498703311549
"58",0.0169132951702965,5.73259945490607
"59",0.0170699493403841,5.7301909945575
"60",0.0172280544713139,5.72776148115561
"61",0.0173876240021625,5.72531074260986
"62",0.0175486714964815,5.72283860564965
"63",0.0177112106434509,5.72034489582075
"64",0.0178752552590424,5.71782943748181
"65",0.0180408192871938,5.71529205380097
"66",0.0182079168009946,5.7127325667526
"67",0.0183765620038817,5.71015079711408
"68",0.018546769230847,5.70754656446273
"69",0.0187185529496558,5.70491968717285
"70",0.0188919277620767,5.70226998241288
"71",0.0190669084051225,5.6995972661426
"72",0.0192435097523033,5.69690135311057
"73",0.0194217468148903,5.69418205685161
"74",0.0196016347431919,5.69143918968439
"75",0.0197831888278416,5.68867256270926
"76",0.0199664245010979,5.68588198580607
"77",0.0201513573381556,5.68306726763221
"78",0.0203380030584698,5.68022821562083
"79",0.0205263775270925,5.67736463597908
"80",0.0207164967560207,5.67447633368659
"81",0.0209083769055575,5.67156311249414
"82",0.021102034285686,5.66862477492233
"83",0.0212974853574552,5.66566112226059
"84",0.0214947467343798,5.66267195456624
"85",0.0216938351838518,5.65965707066377
"86",0.0218947676285662,5.65661626814424
"87",0.022097561147959,5.65354934336495
"88",0.0223022329796594,5.6504560914492
"89",0.0225088005209546,5.64733630628628
"90",0.0227172813302691,5.64418978053167
"91",0.0229276931286565,5.64101630560739
"92",0.0231400538013065,5.63781567170258
"93",0.0233543813990648,5.63458766777427
"94",0.0235706941399673,5.63133208154842
"95",0.0237890104107889,5.62804869952107
"96",0.0240093487686065,5.62473730695981
"97",0.024231727942376,5.62139768790542
"98",0.0244561668345245,5.61802962517379
"99",0.0246826845225569,5.614632900358
"100",0.0249113002606779,5.61120729383073
"101",0.025142033481428,5.60775258474688
"102",0.0253749037973357,5.60426855104644
"103",0.0256099310025846,5.60075496945761
"104",0.0258471350746956,5.59721161550023
"105",0.0260865361762255,5.59363826348946
"106",0.0263281546564802,5.59003468653969
"107",0.0265720110532451,5.58640065656885
"108",0.0268181260945302,5.58273594430288
"109",0.0270665207003324,5.5790403192806
"110",0.0273172159844138,5.57531354985884
"111",0.0275702332560958,5.57155540321784
"112",0.0278255940220712,5.5677656453671
"113",0.0280833199882317,5.56394404115138
"114",0.0283434330615131,5.56009035425719
"115",0.0286059553517574,5.55620434721947
"116",0.0288709091735924,5.5522857814288
"117",0.0291383170483279,5.54833441713876
"118",0.0294082017058706,5.54435001347381
"119",0.029680586086656,5.54033232843744
"120",0.0299554933435981,5.53628111892076
"121",0.0302329468440578,5.53219614071141
"122",0.0305129701718287,5.52807714850296
"123",0.0307955871291423,5.52392389590456
"124",0.0310808217386906,5.51973613545116
"125",0.0313686982456688,5.51551361861404
"126",0.0316592411198352,5.51125609581176
"127",0.0319524750575921,5.50696331642165
"128",0.0322484249840844,5.50263502879159
"129",0.0325471160553185,5.49827098025236
"130",0.0328485736603004,5.4938709171304
"131",0.0331528234231942,5.48943458476102
"132",0.0334598912054997,5.48496172750211
"133",0.0337698031082509,5.48045208874838
"134",0.0340825854742345,5.47590541094597
"135",0.0343982648902292,5.47132143560769
"136",0.0347168681892656,5.46669990332872
"137",0.0350384224529067,5.46204055380284
"138",0.0353629550135504,5.45734312583916
"139",0.0356904934567523,5.45260735737945
"140",0.0360210656235707,5.447832985516
"141",0.0363546996129332,5.44301974651001
"142",0.0366914237840249,5.43816737581062
"143",0.0370312667586993,5.43327560807444
"144",0.0373742574239106,5.42834417718576
"145",0.03772042493417,5.42337281627728
"146",0.0380697987140229,5.41836125775156
"147",0.0384224084605506,5.41330923330296
"148",0.0387782841458946,5.40821647394035
"149",0.0391374560198038,5.40308271001038
"150",0.0394999546122064,5.39790767122144
"151",0.0398658107358044,5.39269108666829
"152",0.0402350554886929,5.38743268485739
"153",0.0406077202570037,5.38213219373288
"154",0.0409838367175726,5.3767893407033
"155",0.0413634368406327,5.37140385266901
"156",0.0417465528925314,5.36597545605036
"157",0.0421332174384729,5.36050387681658
"158",0.0425234633452868,5.35498884051541
"159",0.0429173237842216,5.34943007230356
"160",0.043314832233764,5.34382729697785
"161",0.043716022482485,5.33818023900723
"162",0.0441209286319119,5.33248862256556
"163",0.0445295850994266,5.32675217156519
"164",0.0449420266211914,5.3209706096914
"165",0.0453582882551019,5.31514366043769
"166",0.0457784053837662,5.30927104714187
"167",0.0462024137175131,5.30335249302306
"168",0.0466303492974273,5.29738772121959
"169",0.0470622484984128,5.2913764548277
"170",0.047498148032285,5.28531841694129
"171",0.0479380849508911,5.2792133306924
"172",0.0483820966492596,5.27306091929287
"173",0.0488302208687788,5.26686090607669
"174",0.0492824957004051,5.26061301454347
"175",0.0497389595879006,5.25431696840287
"176",0.0501996513311008,5.24797249161994
"177",0.0506646100892127,5.24157930846156
"178",0.0511338753841433,5.23513714354381
"179",0.0516074871038591,5.2286457218804
"180",0.0520854855057766,5.22210476893219
"181",0.0525679112201842,5.21551401065766
"182",0.0530548052536957,5.20887317356459
"183",0.0535462089927361,5.20218198476267
"184",0.0540421642070592,5.19544017201735
"185",0.0545427130532983,5.18864746380468
"186",0.0550478980785497,5.18180358936738
"187",0.0555577622239888,5.17490827877199
"188",0.0560723488285203,5.16796126296717
"189",0.0565917016324624,5.16096227384321
"190",0.0571158647812643,5.15391104429267
"191",0.0576448828292588,5.14680730827227
"192",0.0581788007434494,5.13965080086591
"193",0.0587176639073326,5.13244125834903
"194",0.0592615181247555,5.12517841825408
"195",0.0598104096238094,5.11786201943733
"196",0.0603643850607587,5.1104918021469
"197",0.0609234915240071,5.10306750809205
"198",0.0614877765381002,5.09558888051385
"199",0.062057288067765,5.08805566425701
"200",0.0626320745219869,5.08046760584315
"201",0.0632121847581245,5.07282445354534
"202",0.0637976680860628,5.06512595746399
"203",0.0643885742724042,5.05737186960407
"204",0.0649849535446989,5.04956194395374
"205",0.0655868565957143,5.04169593656434
"206",0.0661943345877439,5.03377360563175
"207",0.0668074391569562,5.02579471157912
"208",0.0674262224177834,5.01775901714115
"209",0.0680507369673521,5.00966628744957
"210",0.068681035889953,5.00151629012028
"211",0.0693171727615541,4.99330879534176
"212",0.0699592016543538,4.98504357596503
"213",0.0706071771413777,4.97672040759504
"214",0.0712611543011175,4.9683390686835
"215",0.0719211887222119,4.95989934062327
"216",0.0725873365081725,4.95140100784415
"217",0.0732596542821523,4.94284385791021
"218",0.0739381991917587,4.93422768161863
"219",0.0746230289139111,4.92555227310005
"220",0.0753142016597437,4.91681742992038
"221",0.0760117761795533,4.90802295318421
"222",0.076715811767793,4.8991686476397
"223",0.0774263682681127,4.89025432178504
"224",0.0781435060784454,4.88127978797639
"225",0.0788672861561415,4.87224486253739
"226",0.0795977700231499,4.86314936587024
"227",0.0803350197712474,4.85399312256829
"228",0.0810790980673169,4.84477596153018
"229",0.0818300681586739,4.8354977160755
"230",0.0825879938784427,4.82615822406209
"231",0.0833529396509819,4.81675732800477
"232",0.0841249704973612,4.80729487519567
"233",0.0849041520408875,4.79777071782609
"234",0.0856905505126835,4.78818471310993
"235",0.0864842327573172,4.77853672340858
"236",0.0872852662384838,4.76882661635739
"237",0.0880937190447399,4.75905426499364
"238",0.0889096598952916,4.74921954788604
"239",0.0897331581458352,4.73932234926567
"240",0.0905642837944529,4.7293625591585
"241",0.0914031074875623,4.71934007351934
"242",0.0922497005259217,4.70925479436721
"243",0.0931041348706907,4.69910662992228
"244",0.0939664831495469,4.68889549474413
"245",0.0948368186628592,4.67862130987153
"246",0.0957152153899187,4.66828400296351
"247",0.0966017479952265,4.65788350844193
"248",0.0974964918348409,4.64741976763533
"249",0.0983995229627823,4.63689272892415
"250",0.099310918137498,4.62630234788725
"251",0.100230754828387,4.61564858744976
"252",0.101159111222383,4.60493141803213
"253",0.102096066230605,4.59415081770043
"254",0.103041699495059,4.58330677231788
"255",0.103996091395412,4.57239927569755
"256",0.104959323055823,4.56142832975608
"257",0.105931476351837,4.55039394466867
"258",0.106912633917348,4.53929613902501
"259",0.107902879151618,4.52813493998621
"260",0.108902296226373,4.51691038344278
"261",0.10991097009295,4.50562251417348
"262",0.110928986489522,4.49427138600506
"263",0.111956431948388,4.48285706197282
"264",0.112993393803322,4.47137961448198
"265",0.114039960197003,4.45983912546971
"266",0.115096220088503,4.44823568656784
"267",0.11616226326085,4.43656939926623
"268",0.11723818032866,4.4248403750766
"269",0.118324062745838,4.41304873569688
"270",0.119420002813353,4.40119461317595
"271",0.120526093687084,4.3892781500787
"272",0.121642429385737,4.37729949965142
"273",0.122769104798836,4.36525882598727
"274",0.123906215694792,4.35315630419195
"275",0.125053858729039,4.34099212054937
"276",0.126212131452255,4.32876647268718
"277",0.127381132318648,4.31647956974228
"278",0.12856096069433,4.30413163252603
"279",0.129751716865759,4.29172289368905
"280",0.130953502048267,4.27925359788574
"281",0.132166418394661,4.2667240019381
"282",0.133390569003906,4.25413437499908
"283",0.134626057929891,4.24148499871499
"284",0.135872990190271,4.22877616738723
"285",0.137131471775394,4.21600818813296
"286",0.138401609657313,4.20318138104462
"287",0.139683511798874,4.1902960793484
"288",0.140977287162897,4.17735262956118
"289",0.142283045721435,4.16435139164614
"290",0.143600898465126,4.1512927391667
"291",0.144930957412622,4.13817705943875
"292",0.146273335620113,4.12500475368097
"293",0.147628147190939,4.11177623716316
"294",0.148995507285285,4.09849193935238
"295",0.150375532129974,4.08515230405679
"296",0.151768339028341,4.07175778956693
"297",0.153174046370208,4.05830886879452
"298",0.154592773641948,4.04480602940831
"299",0.156024641436637,4.03124977396701
"300",0.157469771464309,4.01764062004918
"301",0.158928286562298,4.00397910037962
"302",0.160400310705682,3.99026576295248
"303",0.16188596901782,3.97650117115054
"304",0.163385387780986,3.96268590386073
"305",0.164898694447107,3.94882055558561
"306",0.16642601764859,3.93490573655052
"307",0.167967487209265,3.92094207280646
"308",0.169523234155412,3.90693020632821
"309",0.171093390726901,3.89287079510767
"310",0.172678090388436,3.87876451324221
"311",0.174277467840892,3.86461205101771
"312",0.175891659032773,3.85041411498621
"313",0.177520801171763,3.83617142803784
"314",0.17916503273639,3.82188472946692
"315",0.180824493487795,3.80755477503195
"316",0.182499324481615,3.79318233700925
"317",0.184189668079971,3.77876820424007
"318",0.185895667963569,3.76431318217096
"319",0.187617469143912,3.74981809288711
"320",0.18935521797563,3.73528377513846
"321",0.191109062168914,3.72071108435837
"322",0.192879150802078,3.70610089267461
"323",0.194665634334226,3.69145408891234
"324",0.196468664618045,3.67677157858911
"325",0.198288394912707,3.66205428390125
"326",0.200124979896904,3.6473031437018
"327",0.201978575681988,3.63251911346949
"328",0.203849339825246,3.61770316526869
"329",0.205737431343291,3.60285628769991
"330",0.207643010725577,3.5879794858409
"331",0.209566239948043,3.57307378117779
"332",0.211507282486879,3.55814021152634
"333",0.213466303332424,3.54317983094283
"334",0.215443469003188,3.52819370962455
"335",0.217438947560008,3.51318293379953
"336",0.219452908620331,3.49814860560537
"337",0.221485523372636,3.48309184295693
"338",0.22353696459098,3.46801377940272
"339",0.225607406649686,3.45291556396959
"340",0.227697025538168,3.43779836099586
"341",0.229805998875885,3.4226633499523
"342",0.231934505927443,3.40751172525114
"343",0.234082727617829,3.3923446960426
"344",0.236250846547795,3.37716348599903
"345",0.238439047009372,3.36196933308629
"346",0.240647515001542,3.34676348932238
"347",0.242876438246045,3.33154722052299
"348",0.245126006203334,3.31632180603401
"349",0.247396410088681,3.30108853845074
"350",0.249687842888433,3.28584872332368
"351",0.252000499376409,3.27060367885092
"352",0.254334576130465,3.25535473555683
"353",0.256690271549195,3.24010323595718
"354",0.259067785868801,3.22485053421044
"355",0.261467321180109,3.20959799575524
"356",0.263889081445751,3.19434699693411
"357",0.266333272517498,3.17909892460318
"358",0.268800102153761,3.16385517572804
"359",0.271289780037247,3.14861715696574
"360",0.273802517792786,3.13338628423286
"361",0.276338529005317,3.11816398225971
"362",0.278898029238044,3.10295168413081
"363",0.281481236050758,3.08775083081156
"364",0.28408836901833,3.07256287066138
"365",0.286719649749377,3.0573892589332
"366",0.289375301905095,3.04223145725965
"367",0.292055551218275,3.02709093312601
"368",0.294760625512486,3.01196915933003
"369",0.297490754721444,2.99686761342888
"370",0.300246170908555,2.98178777717353
"371",0.30302710828664,2.96673113593057
"372",0.305833803237843,2.95169917809199
"373",0.308666494333727,2.93669339447297
"374",0.311525422355549,2.92171527769819
"375",0.314410830314726,2.90676632157687
"376",0.317322963473498,2.89184802046688
"377",0.320262069365765,2.8769618686284
"378",0.323228397818138,2.86210935956744
"379",0.326222200971167,2.84729198536973
"380",0.329243733300777,2.83251123602533
"381",0.332293251639897,2.81776859874449
"382",0.335371015200293,2.80306555726535
"383",0.338477285594598,2.78840359115379
"384",0.341612326858553,2.77378417509624
"385",0.344776405473446,2.75920877818576
"386",0.347969790388769,2.7446788632022
"387",0.351192753045073,2.73019588588696
"388",0.354445567397043,2.71576129421298
"389",0.357728509936787,2.70137652765063
"390",0.361041859717334,2.68704301643032
"391",0.364385898376354,2.6727621808022
"392",0.367760910160103,2.65853543029413
"393",0.371167181947576,2.64436416296827
"394",0.374605003274899,2.63024976467725
"395",0.378074666359935,2.61619360832069
"396",0.381576466127125,2.60219705310278
"397",0.385110700232557,2.58826144379185
"398",0.388677669089267,2.57438810998264
"399",0.392277675892772,2.56057836536218
"400",0.395911026646846,2.54683350698013
"401",0.399578030189527,2.53315481452438
"402",0.403278998219371,2.51954354960287
"403",0.407014245321944,2.50600095503239
"404",0.410784088996565,2.49252825413539
"405",0.414588849683291,2.47912665004553
"406",0.418428850790158,2.46579732502298
"407",0.422304418720667,2.45254143978029
"408",0.426215882901532,2.43936013281973
"409",0.430163575810679,2.42625451978303
"410",0.434147833005509,2.41322569281432
"411",0.438168993151419,2.40027471993722
"412",0.44222739805059,2.38740264444697
"413",0.446323392671039,2.37461048431824
"414",0.450457325175946,2.36189923162982
"415",0.45462954695324,2.34926985200672
"416",0.458840412645476,2.33672328408062
"417",0.463090280179974,2.32426043896944
"418",0.467379510799246,2.31188219977687
"419",0.471708469091702,2.29958942111252
"420",0.476077523022637,2.28738292863346
"421",0.480487043965513,2.2752635186079
"422",0.484937406733524,2.26323195750163
"423",0.489428989611453,2.2512889815879
"424",0.493962174387832,2.23943529658142
"425",0.498537346387389,2.2276715772969
"426",0.503154894503805,2.21599846733289
"427",0.507815211232767,2.20441657878135
"428",0.512518692705333,2.19292649196341
"429",0.517265738721602,2.18152875519176
"430",0.522056752784698,2.17022388456026
"431",0.526892142135067,2.15901236376081
"432",0.531772317785097,2.14789464392818
"433",0.536697694554048,2.13687114351275
"434",0.541668691103315,2.1259422481817
"435",0.546685729972018,2.11510831074861
"436",0.551749237612913,2.10436965113177
"437",0.556859644428641,2.09372655634129
"438",0.562017384808319,2.08317928049499
"439",0.567222897164454,2.0727280448633
"440",0.572476623970218,2.06237303794281
"441",0.57777901179705,2.0521144155588
"442",0.583130511352622,2.04195230099625
"443",0.588531577519145,2.03188678515953
"444",0.593982669392036,2.02191792676021
"445",0.599484250318941,2.01204575253307
"446",0.605036787939122,2.00227025747975
"447",0.610640754223204,1.99259140513986
"448",0.616296625513294,1.98300912788915
"449",0.622004882563471,1.97352332726422
"450",0.62776601058065,1.9641338743134
"451",0.633580499265825,1.95484060997333
"452",0.639448842855694,1.9456433454705
"453",0.64537154016467,1.93654186274746
"454",0.65134909462728,1.92753591491279
"455",0.657382014340959,1.91862522671442
"456",0.663470812109235,1.9098094950354
"457",0.669616005485322,1.90108838941161
"458",0.675818116816111,1.89246155257047
"459",0.682077673286569,1.88392860099002
"460",0.68839520696455,1.87548912547743
"461",0.694771254846024,1.86714269176627
"462",0.701206358900718,1.85888884113154
"463",0.707701066118189,1.8507270910216
"464",0.714255928554313,1.84265693570622
"465",0.720871503378214,1.83467784693971
"466",0.727548352919623,1.82678927463821
"467",0.734287044716676,1.81899064757029
"468",0.741088151564157,1.81128137405978
"469",0.747952251562182,1.8036608426999
"470",0.754879928165344,1.79612842307779
"471",0.7618717702323,1.7886834665083
"472",0.768928372075831,1.78132530677615
"473",0.776050333513357,1.77405326088549
"474",0.78323825991792,1.76686662981578
"475",0.790492762269642,1.75976469928297
"476",0.797814457207663,1.75274674050512
"477",0.805203967082547,1.74581201097133
"478",0.812661920009195,1.73895975521307
"479",0.82018894992022,1.73218920557685
"480",0.827785696619848,1.72549958299739
"481",0.835452805838287,1.7188900977701
"482",0.843190929286626,1.71235995032219
"483",0.851000724712225,1.70590833198126
"484",0.858882855954625,1.69953442574049
"485",0.866837993001978,1.69323740701957
"486",0.874866812047991,1.68701644442045
"487",0.882969995549409,1.68087070047695
"488",0.89114823228402,1.67479933239749
"489",0.899402217409204,1.66880149280007
"490",0.907732652521023,1.66287633043853
"491",0.916140245713852,1.65702299091952
"492",0.924625711640574,1.65124061740925
"493",0.933189771573324,1.64552835132935
"494",0.941833153464795,1.63988533304093
"495",0.95055659201012,1.63431070251649
"496",0.959360828709314,1.62880359999858
"497",0.968246611930312,1.62336316664492
"498",0.977214696972572,1.61798854515908
"499",0.986265846131282,1.61267888040629
"500",0.995400828762152,1.6074333200139
"501",1.00462042134681,1.60225101495531
"502",1.01392540755882,1.59713112011836
"503",1.02331657833024,1.59207279485551
"504",1.03279473191895,1.58707520351738
"505",1.0423606739764,1.58213751596822
"506",1.05201521761616,1.57725890808292
"507",1.061759183483,1.57243856222563
"508",1.07159339982267,1.5676756677093
"509",1.08151870255229,1.56296942123601
"510",1.09153593533139,1.55831902731785
"511",1.10164594963366,1.55372369867795
"512",1.11184960481927,1.54918265663175
"513",1.12214776820798,1.54469513144802
"514",1.13254131515281,1.54026036268976
"515",1.14303112911448,1.53587759953477
"516",1.15361810173648,1.53154610107574
"517",1.16430313292088,1.52726513660008
"518",1.17508713090481,1.52303398584914
"519",1.18597101233767,1.51885193925716
"520",1.19695570235904,1.51471829816982
"521",1.20804213467733,1.51063237504256
"522",1.21923125164911,1.50659349361872
"523",1.23052400435926,1.50260098908779
"524",1.24192135270178,1.49865420822377
"525",1.2534242654614,1.49475250950397
"526",1.2650337203959,1.49089526320845
"527",1.27675070431927,1.48708185150043
"528",1.28857621318552,1.48331166848781
"529",1.30051125217341,1.47958412026627
"530",1.31255683577184,1.47589862494427
"531",1.32471398786612,1.47225461265022
"532",1.33698374182495,1.4686515255224
"533",1.34936714058831,1.4650888176818
"534",1.36186523675608,1.46156595518862
"535",1.37447909267754,1.45808241598259
"536",1.38720978054162,1.45463768980788
"537",1.4000583824681,1.45123127812281
"538",1.41302599059953,1.44786269399519
"539",1.42611370719413,1.44453146198358
"540",1.43932264471941,1.44123711800514
"541",1.45265392594678,1.4379792091906
"542",1.46610868404698,1.43475729372699
"543",1.4796880626864,1.43157094068869
"544",1.49339321612425,1.42841972985732
"545",1.50722530931076,1.42530325153124
"546",1.5211855179861,1.42222110632519
"547",1.53527502878042,1.41917290496071
"548",1.54949503931463,1.41615826804796
"549",1.56384675830225,1.41317682585962
"550",1.57833140565212,1.4102282180975
"551",1.59295021257212,1.40731209365244
"552",1.60770442167382,1.40442811035825
"553",1.62259528707809,1.40157593474021
"554",1.63762407452169,1.39875524175887
"555",1.6527920614649,1.39596571454969
"556",1.66810053720006,1.39320704415923
"557",1.6835508029612,1.39047892927846
"558",1.69914417203463,1.38778107597376
"559",1.71488196987054,1.38511319741631
"560",1.73076553419573,1.38247501361037
"561",1.74679621512725,1.37986625112106
"562",1.76297537528721,1.37728664280223
"563",1.77930438991858,1.37473592752488
"564",1.7957846470021,1.37221384990676
"565",1.81241754737424,1.36972016004365
"566",1.82920450484629,1.3672546132427
"567",1.84614694632455,1.36481696975853
"568",1.86324631193156,1.36240699453232
"569",1.88050405512858,1.36002445693451
"570",1.8979216428391,1.35766913051138
"571",1.91550055557353,1.3553407927361
"572",1.93324228755505,1.35303922476443
"573",1.95114834684662,1.35076421119555
"574",1.96922025547917,1.34851553983831
"575",1.98745954958098,1.34629300148325
"576",2.00586777950823,1.34409638968064
"577",2.0244465099768,1.34192550052483
"578",2.04319732019527,1.33978013244515
"579",2.06212180399914,1.33766008600355
"580",2.08122156998634,1.33556516369928
"581",2.10049824165392,1.33349516978069
"582",2.11995345753607,1.33144991006426
"583",2.13958887134342,1.3294291917612
"584",2.15940615210357,1.3274328233115
"585",2.17940698430296,1.32546061422564
"586",2.19959306803007,1.32351237493403
"587",2.21996611911995,1.32158791664417
"588",2.24052786930002,1.31968705120561
"589",2.26128006633728,1.31780959098272
"590",2.2822244741869,1.3159553487352
"591",2.30336287314213,1.31412413750636
"592",2.32469705998565,1.31231577051914
"593",2.34622884814226,1.31053006107973
"594",2.36796006783308,1.30876682248876
"595",2.38989256623105,1.30702586796002
"596",2.41202820761801,1.30530701054649
"597",2.43436887354311,1.30361006307363
"598",2.45691646298279,1.30193483807983
"599",2.47967289250216,1.30028114776371
"600",2.50264009641792,1.29864880393839
"601",2.52582002696278,1.29703761799228
"602",2.54921465445142,1.29544740085637
"603",2.57282596744793,1.29387796297782
"604",2.59665597293487,1.29232911429962
"605",2.62070669648385,1.29080066424612
"606",2.64498018242772,1.28929242171431
"607",2.66947849403432,1.28780419507046
"608",2.69420371368188,1.28633579215207
"609",2.71915794303602,1.28488702027489
"610",2.74434330322837,1.28345768624464
"611",2.76976193503689,1.2820475963734
"612",2.79541599906786,1.28065655650031
"613",2.82130767593947,1.27928437201635
"614",2.84743916646725,1.27793084789313
"615",2.87381269185107,1.27659578871513
"616",2.90043049386399,1.2752789987156
"617",2.92729483504282,1.27398028181548
"618",2.95440799888038,1.27269944166533
"619",2.98177229001967,1.27143628169008
"620",3.00939003444972,1.27019060513617
"621",3.03726357970331,1.26896221512108
"622",3.06539529505653,1.26775091468493
"623",3.09378757173014,1.26655650684387
"624",3.12244282309286,1.26537879464524
"625",3.15136348486648,1.26421758122409
"626",3.18055201533292,1.26307266986101
"627",3.21001089554317,1.26194386404097
"628",3.2397426295282,1.26083096751308
"629",3.26974974451177,1.25973378435095
"630",3.30003479112529,1.25865211901367
"631",3.33060034362459,1.25758577640703
"632",3.36144900010876,1.2565345619449
"633",3.39258338274099,1.25549828161071
"634",3.42400613797143,1.25447674201864
"635",3.45571993676214,1.25346975047464
"636",3.48772747481418,1.25247711503694
"637",3.52003147279668,1.25149864457596
"638",3.55263467657814,1.25053414883362
"639",3.58553985745982,1.24958343848169
"640",3.61874981241128,1.24864632517933
"641",3.65226736430818,1.24772262162947
"642",3.68609536217216,1.2468121416341
"643",3.72023668141307,1.24591470014829
"644",3.75469422407334,1.2450301133329
"645",3.78947091907467,1.24415819860584
"646",3.824569722467,1.24329877469184
"647",3.85999361767977,1.24245166167067
"648",3.8957456157755,1.2416166810237
"649",3.93182875570577,1.24079365567885
"650",3.96824610456948,1.23998241005367
"651",4.00500075787361,1.23918277009677
"652",4.04209583979631,1.23839456332736
"653",4.07953450345245,1.23761761887291
"654",4.11731993116168,1.23685176750499
"655",4.15545533471888,1.23609684167314
"656",4.19394395566719,1.23535267553685
"657",4.23278906557355,1.23461910499557
"658",4.27199396630678,1.23389596771679
"659",4.31156199031823,1.23318310316216
"660",4.35149650092505,1.23248035261162
"661",4.39180089259609,1.2317875591857
"662",4.4324785912404,1.23110456786569
"663",4.47353305449846,1.2304312255121
"664",4.5149677720361,1.22976738088101
"665",4.55678626584106,1.22911288463872
"666",4.59899209052244,1.22846758937438
"667",4.64158883361278,1.22783134961088
"668",4.68458011587304,1.22720402181392
"669",4.72796959160039,1.22658546439927
"670",4.77176094893875,1.22597553773836
"671",4.81595791019235,1.22537410416211
"672",4.86056423214213,1.22478102796316
"673",4.90558370636505,1.22419617539645
"674",4.95102015955635,1.22361941467827
"675",4.99687745385488,1.22305061598374
"676",5.04315948717136,1.22248965144288
"677",5.08987019351968,1.22193639513524
"678",5.13701354335134,1.22139072308311
"679",5.18459354389291,1.2208525132435
"680",5.23261423948666,1.22032164549878
"681",5.28107971193433,1.21979800164617
"682",5.32999408084409,1.21928146538602
"683",5.3793615039807,1.21877192230903
"684",5.42918617761894,1.21826925988242
"685",5.47947233690029,1.21777336743504
"686",5.5302242561929,1.21728413614168
"687",5.58144624945496,1.21680145900634
"688",5.63314267060136,1.21632523084479
"689",5.68531791387375,1.21585534826632
"690",5.73797641421413,1.21539170965473
"691",5.79112264764176,1.21493421514869
"692",5.84476113163363,1.21448276662152
"693",5.8988964255085,1.2140372676603
"694",5.95353313081437,1.21359762354454
"695",6.00867589171969,1.21316374122442
"696",6.06432939540806,1.21273552929846
"697",6.1204983724767,1.21231289799099
"698",6.17718759733849,1.2118957591292
"699",6.23440188862786,1.21148402611987
"700",6.29214610961034,1.21107761392597
"701",6.35042516859596,1.21067643904294
"702",6.40924401935645,1.21028041947491
"703",6.46860766154633,1.2098894747107
"704",6.52852114112785,1.2095035256998
"705",6.58898955079995,1.20912249482827
"706",6.65001803043112,1.20874630589462
"707",6.71161176749628,1.20837488408572
"708",6.77377599751775,1.2080081559527
"709",6.83651600451024,1.20764604938699
"710",6.89983712143002,1.20728849359639
"711",6.96374473062822,1.20693541908132
"712",7.02824426430835,1.20658675761114
"713",7.093341204988,1.20624244220073
"714",7.15904108596489,1.2059024070872
"715",7.22534949178721,1.20556658770679
"716",7.29227205872831,1.20523492067203
"717",7.35981447526576,1.20490734374915
"718",7.42798248256492,1.20458379583573
"719",7.49678187496688,1.20426421693859
"720",7.56621850048105,1.20394854815199
"721",7.63629826128224,1.20363673163617
"722",7.7070271142123,1.20332871059607
"723",7.77841107128649,1.20302442926049
"724",7.85045620020451,1.2027238328615
"725",7.92316862486625,1.20242686761418
"726",7.99655452589235,1.20213348069673
"727",8.0706201411495,1.20184362023083
"728",8.14537176628074,1.20155723526246
"729",8.22081575524054,1.20127427574295
"730",8.29695852083491,1.20099469251045
"731",8.37380653526649,1.20071843727172
"732",8.45136633068471,1.20044546258424
"733",8.52964449974102,1.20017572183871
"734",8.60864769614924,1.19990916924186
"735",8.68838263525118,1.19964575979964
"736",8.76885609458743,1.19938544930071
"737",8.85007491447344,1.1991281943003
"738",8.93204599858097,1.1988739521044
"739",9.01477631452492,1.19862268075429
"740",9.09827289445556,1.19837433901135
"741",9.18254283565628,1.1981288863423
"742",9.26759330114688,1.19788628290466
"743",9.35343152029239,1.19764648953256
"744",9.4400647894176,1.19740946772291
"745",9.52750047242729,1.19717517962179
"746",9.6157460014321,1.19694358801124
"747",9.70480887738031,1.19671465629627
"748",9.7946966706954,1.1964883484922
"749",9.88541702191957,1.19626462921228
"750",9.9769776423632,1.19604346365558
"751",10.0693863147603,1.1958248175952
"752",10.16265089393,1.19560865736667
"753",10.2567793074442,1.19539494985669
"754",10.3517795563018,1.19518366249213
"755",10.447659715608,1.19497476322918
"756",10.5444279352617,1.1947682205429
"757",10.6420924406472,1.19456400341686
"758",10.7406615333343,1.19436208133319
"759",10.8401435917833,1.19416242426265
"760",10.9405470720574,1.19396500265513
"761",11.0418805085416,1.19376978743023
"762",11.1441525146679,1.19357674996812
"763",11.2473717836475,1.1933858621006
"764",11.35154708921,1.19319709610234
"765",11.4566872863487,1.19301042468237
"766",11.5628013120738,1.1928258209757
"767",11.6698981861715,1.19264325853519
"768",11.7779870119712,1.19246271132358
"769",11.887076977119,1.19228415370568
"770",11.9971773543588,1.19210756044078
"771",12.1082975023204,1.19193290667519
"772",12.2204468663149,1.19176016793498
"773",12.3336349791378,1.19158932011886
"774",12.4478714618791,1.19142033949123
"775",12.5631660247412,1.19125320267541
"776",12.6795284678643,1.19108788664694
"777",12.7969686821594,1.19092436872714
"778",12.9154966501488,1.1907626265767
"779",13.0351224468151,1.19060263818954
"780",13.155856240457,1.19044438188664
"781",13.2777082935543,1.19028783631017
"782",13.4006889636395,1.19013298041765
"783",13.5248087041788,1.18997979347624
"784",13.6500780654601,1.18982825505721
"785",13.7765076954905,1.18967834503047
"786",13.9041083409007,1.18953004355925
"787",14.0328908478587,1.1893833310949
"788",14.162866162992,1.18923818837175
"789",14.2940453343176,1.18909459640215
"790",14.4264395121816,1.18895253647158
"791",14.5600599502065,1.18881199013384
"792",14.6949180062482,1.18867293920639
"793",14.831025143361,1.18853536576576
"794",14.9683929307726,1.18839925214304
"795",15.1070330448665,1.18826458091951
"796",15.2469572701757,1.18813133492235
"797",15.3881775003835,1.18799949722034
"798",15.5307057393346,1.18786905111985
"799",15.674554102056,1.1877399801607
"800",15.819734815786,1.18761226811223
"801",15.9662602210143,1.18748589896946
"802",16.1141427725302,1.18736085694922
"803",16.2633950404819,1.18723712648645
"804",16.4140297114447,1.18711469223059
"805",16.5660595894991,1.18699353904194
"806",16.7194975973199,1.1868736519882
"807",16.8743567772738,1.18675501634102
"808",17.0306502925284,1.18663761757265
"809",17.1883914281715,1.1865214413526
"810",17.3475935923393,1.18640647354445
"811",17.5082703173573,1.18629270020265
"812",17.6704352608895,1.18618010756945
"813",17.8341022071001,1.18606868207179
"814",17.9992850678248,1.18595841031837
"815",18.1659978837533,1.1858492790967
"816",18.3342548256229,1.18574127537022
"817",18.504070195423,1.18563438627548
"818",18.6754584276108,1.18552859911942
"819",18.848434090338,1.18542390137657
"820",19.0230118866894,1.18532028068649
"821",19.1992066559328,1.18521772485111
"822",19.3770333747799,1.18511622183215
"823",19.5565071586595,1.18501575974867
"824",19.7376432630026,1.18491632687457
"825",19.9204570845387,1.18481791163617
"826",20.104964162605,1.18472050260986
"827",20.2911801804668,1.18462408851976
"828",20.4791209666509,1.18452865823543
"829",20.6688024962908,1.18443420076964
"830",20.860240892485,1.18434070527617
"831",21.0534524276671,1.18424816104765
"832",21.2484535249888,1.18415655751342
"833",21.4452607597167,1.1840658842375
"834",21.6438908606402,1.18397613091648
"835",21.8443607114943,1.18388728737756
"836",22.0466873523941,1.18379934357659
"837",22.2508879812837,1.18371228959608
"838",22.4569799553977,1.18362611564336
"839",22.6649807927369,1.18354081204869
"840",22.874908173557,1.18345636926342
"841",23.0867799418717,1.1833727778582
"842",23.3006141069692,1.18329002852122
"843",23.5164288449435,1.18320811205648
"844",23.7342425002387,1.18312701938205
"845",23.9540735872088,1.18304674152845
"846",24.1759407916913,1.18296726963693
"847",24.3998629725955,1.18288859495795
"848",24.6258591635055,1.18281070884949
"849",24.853948574298,1.18273360277557
"850",25.0841505927754,1.18265726830469
"851",25.3164847863136,1.18258169710828
"852",25.5509709035251,1.18250688095929
"853",25.787628875938,1.18243281173069
"854",26.02647881969,1.18235948139406
"855",26.2675410372384,1.18228688201815
"856",26.5108360190854,1.18221500576755
"857",26.7563844455205,1.18214384490128
"858",27.0042071883777,1.18207339177148
"859",27.2543253128103,1.18200363882212
"860",27.5067600790806,1.18193457858764
"861",27.761532944368,1.18186620369176
"862",28.018665564592,1.18179850684617
"863",28.2781797962534,1.18173148084933
"864",28.5400976982924,1.18166511858528
"865",28.804441533963,1.18159941302241
"866",29.0712337727258,1.18153435721233
"867",29.3404970921579,1.18146994428868
"868",29.6122543798803,1.18140616746606
"869",29.8865287355038,1.18134302003887
"870",30.163343472592,1.18128049538024
"871",30.442722120643,1.18121858694094
"872",30.72468842709,1.18115728824833
"873",31.0092663593193,1.18109659290534
"874",31.2964801067075,1.18103649458941
"875",31.5863540826782,1.18097698705149
"876",31.8789129267765,1.18091806411508
"877",32.1741815067637,1.18085971967523
"878",32.4721849207313,1.18080194769757
"879",32.7729484992338,1.18074474221739
"880",33.0764978074424,1.1806880973387
"881",33.3828586473176,1.18063200723331
"882",33.6920570598027,1.18057646613995
"883",34.0041193270371,1.18052146836336
"884",34.3190719745904,1.18046700827341
"885",34.6369417737173,1.18041308030428
"886",34.9577557436328,1.18035967895359
"887",35.2815411538088,1.18030679878156
"888",35.6083255262928,1.18025443441023
"889",35.9381366380463,1.18020258052259
"890",36.2710025233065,1.18015123186184
"891",36.606951475969,1.18010038323059
"892",36.946012051993,1.18005002949009
"893",37.2882130718283,1.18000016555946
"894",37.6335836228653,1.17995078641498
"895",37.9821530619074,1.1799018870893
"896",38.333951017666,1.17985346267076
"897",38.6890073932798,1.17980550830268
"898",39.0473523688556,1.17975801918262
"899",39.4090164040345,1.1797109905617
"900",39.7740302405804,1.17966441774396
"901",40.1424249049932,1.17961829608562
"902",40.5142317111465,1.17957262099449
"903",40.8894822629486,1.17952738792926
"904",41.2682084570295,1.17948259239889
"905",41.6504424854518,1.17943822996198
"906",42.0362168384471,1.17939429622611
"907",42.4255643071778,1.17935078684729
"908",42.8185179865241,1.17930769752928
"909",43.2151112778976,1.17926502402307
"910",43.6153778920801,1.17922276212623
"911",44.0193518520887,1.17918090768238
"912",44.4270674960688,1.17913945658057
"913",44.8385594802119,1.17909840475477
"914",45.2538627817017,1.17905774818328
"915",45.6730127016875,1.1790174828882
"916",46.0960448682843,1.17897760493488
"917",46.5229952396019,1.17893811043141
"918",46.9539001068006,1.17889899552807
"919",47.3887960971765,1.17886025641685
"920",47.8277201772749,1.17882188933092
"921",48.2707096560318,1.1787838905441
"922",48.7178021879463,1.17874625637043
"923",49.1690357762803,1.17870898316366
"924",49.6244487762891,1.17867206731672
"925",50.0840798984821,1.17863550526132
"926",50.5479682119124,1.17859929346746
"927",51.0161531474983,1.17856342844293
"928",51.4886745013749,1.17852790673292
"929",51.9655724382766,1.17849272491952
"930",52.4468874949512,1.17845787962132
"931",52.9326605836056,1.17842336749294
"932",53.4229329953835,1.17838918522462
"933",53.917746403875,1.17835532954181
"934",54.4171428686589,1.17832179720473
"935",54.9211648388779,1.17828858500795
"936",55.4298551568467,1.17825568978001
"937",55.9432570616938,1.17822310838303
"938",56.4614141930367,1.17819083771227
"939",56.9843705946914,1.17815887469578
"940",57.5121707184161,1.17812721629399
"941",58.0448594276898,1.17809585949936
"942",58.5824820015254,1.17806480133597
"943",59.1250841383188,1.17803403885919
"944",59.6727119597332,1.17800356915528
"945",60.2254120146193,1.17797338934107
"946",60.7832312829723,1.17794349656355
"947",61.3462171799251,1.17791388799958
"948",61.9144175597784,1.17788456085552
"949",62.4878807200689,1.17785551236687
"950",63.0666554056741,1.17782673979797
"951",63.6507908129557,1.17779824044165
"952",64.2403365939419,1.17777001161889
"953",64.8353428605472,1.17774205067855
"954",65.4358601888324,1.17771435499696
"955",66.0419396233031,1.17768692197771
"956",66.6536326812491,1.17765974905126
"957",67.2709913571234,1.17763283367468
"958",67.8940681269611,1.17760617333131
"959",68.5229159528406,1.17757976553051
"960",69.1575882873853,1.17755360780733
"961",69.7981390783066,1.17752769772221
"962",70.4446227729904,1.17750203286074
"963",71.0970943231243,1.17747661083333
"964",71.7556091893693,1.17745142927496
"965",72.4202233460732,1.17742648584489
"966",73.0909932860291,1.17740177822639
"967",73.7679760252773,1.17737730412646
"968",74.4512291079513,1.1773530612756
"969",75.1408106111697,1.17732904742751
"970",75.8367791499719,1.17730526035884
"971",76.5391938823015,1.17728169786897
"972",77.248114514034,1.17725835777969
"973",77.9636013040523,1.17723523793501
"974",78.6857150693685,1.17721233620089
"975",79.4145171902934,1.17718965046499
"976",80.150069615654,1.17716717863646
"977",80.8924348680594,1.17714491864567
"978",81.6416760492146,1.17712286844398
"979",82.3978568452852,1.17710102600355
"980",83.1610415323096,1.17707938931704
"981",83.9312949816636,1.17705795639745
"982",84.708682665574,1.17703672527787
"983",85.4932706626838,1.17701569401126
"984",86.2851256636689,1.17699486067023
"985",87.0843149769072,1.17697422334683
"986",87.8909065341995,1.17695378015236
"987",88.704968896544,1.17693352921711
"988",89.5265712599639,1.1769134686902
"989",90.3557834613893,1.17689359673937
"990",91.192675984593,1.17687391155074
"991",92.0373199661822,1.17685441132866
"992",92.889787201645,1.17683509429548
"993",93.7501501514529,1.17681595869137
"994",94.61848194722,1.17679700277414
"995",95.4948563979197,1.17677822481901
"996",96.3793479961579,1.17675962311846
"997",97.2720319245054,1.17674119598204
"998",98.1729840618884,1.17672294173617
"999",99.082280990038,1.17670485872397
"1000",100,1.17668694530508
