"","qRange","qDp2"
"1",0.01,8.90691992576658
"2",0.0100926219098705,8.9060673761072
"3",0.0101861017015598,8.90520710722349
"4",0.0102804473209331,8.90433905089047
"5",0.0103756667874519,8.90346313831133
"6",0.0104717681948552,8.90257930011334
"7",0.010568759711848,8.90168746634356
"8",0.0106666495827954,8.90078756646461
"9",0.0107654461284232,8.89987952935044
"10",0.0108651577465254,8.89896328328206
"11",0.0109657929126781,8.89803875594322
"12",0.0110673601809597,8.89710587441612
"13",0.0111698681846782,8.89616456517706
"14",0.0112733256371049,8.89521475409215
"15",0.0113777413322149,8.89425636641289
"16",0.0114831241454351,8.89328932677181
"17",0.0115894830343981,8.89231355917807
"18",0.0116968270397039,8.89132898701306
"19",0.011805165285688,8.89033553302597
"20",0.0119145069811978,8.88933311932932
"21",0.0120248614203741,8.88832166739455
"22",0.0121362379834424,8.88730109804745
"23",0.0122486461375093,8.88627133146379
"24",0.0123620954373677,8.88523228716471
"25",0.0124765955263087,8.88418388401223
"26",0.0125921561369415,8.88312604020477
"27",0.0127087870920206,8.8820586732725
"28",0.0128264983052806,8.88098170007287
"29",0.0129452997822792,8.87989503678596
"30",0.0130652016212472,8.87879859890994
"31",0.0131862140139475,8.87769230125647
"32",0.0133083472465408,8.87657605794604
"33",0.0134316117004602,8.87544978240339
"34",0.0135560178532937,8.87431338735285
"35",0.0136815762796747,8.87316678481373
"36",0.0138082976521809,8.87200988609561
"37",0.0139361927422414,8.87084260179371
"38",0.0140652724210524,8.8696648417842
"39",0.014195547660501,8.86847651521953
"40",0.0143270295340983,8.86727753052373
"41",0.0144597292179202,8.86606779538771
"42",0.0145936579915576,8.86484721676456
"43",0.014728827239075,8.86361570086481
"44",0.0148652484499786,8.86237315315177
"45",0.0150029332201922,8.86111947833672
"46",0.0151418932530435,8.85985458037429
"47",0.0152821403602587,8.85857836245761
"48",0.0154236864629663,8.85729072701367
"49",0.0155665435927106,8.85599157569854
"50",0.0157107238924745,8.85468080939261
"51",0.0158562396177114,8.85335832819589
"52",0.016003103137387,8.85202403142325
"53",0.0161513269350309,8.85067781759965
"54",0.0163009236097974,8.84931958445548
"55",0.0164519058775366,8.8479492289217
"56",0.0166042865718753,8.84656664712522
"57",0.0167580786453077,8.84517173438408
"58",0.0169132951702965,8.84376438520278
"59",0.0170699493403841,8.84234449326752
"60",0.0172280544713139,8.84091195144148
"61",0.0173876240021625,8.83946665176015
"62",0.0175486714964815,8.83800848542657
"63",0.0177112106434509,8.83653734280668
"64",0.0178752552590424,8.8350531134246
"65",0.0180408192871938,8.83355568595799
"66",0.0182079168009946,8.83204494823335
"67",0.0183765620038817,8.83052078722141
"68",0.018546769230847,8.82898308903245
"69",0.0187185529496558,8.82743173891171
"70",0.0188919277620767,8.82586662123478
"71",0.0190669084051225,8.82428761950299
"72",0.0192435097523033,8.82269461633888
"73",0.0194217468148903,8.82108749348163
"74",0.0196016347431919,8.81946613178248
"75",0.0197831888278416,8.81783041120032
"76",0.0199664245010979,8.81618021079714
"77",0.0201513573381556,8.81451540873358
"78",0.0203380030584698,8.8128358822645
"79",0.0205263775270925,8.8111415077346
"80",0.0207164967560207,8.80943216057399
"81",0.0209083769055575,8.80770771529388
"82",0.021102034285686,8.80596804548228
"83",0.0212974853574552,8.80421302379965
"84",0.0214947467343798,8.80244252197474
"85",0.0216938351838518,8.80065641080031
"86",0.0218947676285662,8.79885456012898
"87",0.022097561147959,8.79703683886912
"88",0.0223022329796594,8.7952031149807
"89",0.0225088005209546,8.79335325547131
"90",0.0227172813302691,8.79148712639208
"91",0.0229276931286565,8.7896045928338
"92",0.0231400538013065,8.78770551892294
"93",0.0233543813990648,8.78578976781782
"94",0.0235706941399673,8.78385720170481
"95",0.0237890104107889,8.78190768179454
"96",0.0240093487686065,8.77994106831825
"97",0.024231727942376,8.77795722052409
"98",0.0244561668345245,8.77595599667358
"99",0.0246826845225569,8.77393725403809
"100",0.0249113002606779,8.77190084889535
"101",0.025142033481428,8.7698466365261
"102",0.0253749037973357,8.76777447121072
"103",0.0256099310025846,8.76568420622604
"104",0.0258471350746956,8.7635756938421
"105",0.0260865361762255,8.76144878531909
"106",0.0263281546564802,8.75930333090431
"107",0.0265720110532451,8.75713917982921
"108",0.0268181260945302,8.75495618030657
"109",0.0270665207003324,8.75275417952766
"110",0.0273172159844138,8.75053302365961
"111",0.0275702332560958,8.74829255784276
"112",0.0278255940220712,8.74603262618819
"113",0.0280833199882317,8.74375307177529
"114",0.0283434330615131,8.74145373664947
"115",0.0286059553517574,8.73913446181988
"116",0.0288709091735924,8.73679508725742
"117",0.0291383170483279,8.73443545189262
"118",0.0294082017058706,8.73205539361383
"119",0.029680586086656,8.72965474926541
"120",0.0299554933435981,8.72723335464605
"121",0.0302329468440578,8.72479104450729
"122",0.0305129701718287,8.72232765255206
"123",0.0307955871291423,8.71984301143335
"124",0.0310808217386906,8.71733695275313
"125",0.0313686982456688,8.71480930706126
"126",0.0316592411198352,8.7122599038546
"127",0.0319524750575921,8.70968857157629
"128",0.0322484249840844,8.70709513761508
"129",0.0325471160553185,8.70447942830492
"130",0.0328485736603004,8.70184126892461
"131",0.0331528234231942,8.69918048369765
"132",0.0334598912054997,8.69649689579223
"133",0.0337698031082509,8.6937903273214
"134",0.0340825854742345,8.69106059934339
"135",0.0343982648902292,8.6883075318621
"136",0.0347168681892656,8.68553094382776
"137",0.0350384224529067,8.6827306531378
"138",0.0353629550135504,8.67990647663785
"139",0.0356904934567523,8.67705823012298
"140",0.0360210656235707,8.6741857283391
"141",0.0363546996129332,8.67128878498453
"142",0.0366914237840249,8.66836721271186
"143",0.0370312667586993,8.6654208231299
"144",0.0373742574239106,8.66244942680594
"145",0.03772042493417,8.65945283326813
"146",0.0380697987140229,8.65643085100817
"147",0.0384224084605506,8.65338328748416
"148",0.0387782841458946,8.6503099491237
"149",0.0391374560198038,8.64721064132723
"150",0.0394999546122064,8.64408516847161
"151",0.0398658107358044,8.64093333391388
"152",0.0402350554886929,8.63775493999542
"153",0.0406077202570037,8.63454978804617
"154",0.0409838367175726,8.63131767838927
"155",0.0413634368406327,8.62805841034589
"156",0.0417465528925314,8.62477178224032
"157",0.0421332174384729,8.6214575914054
"158",0.0425234633452868,8.61811563418816
"159",0.0429173237842216,8.61474570595579
"160",0.043314832233764,8.61134760110189
"161",0.043716022482485,8.60792111305306
"162",0.0441209286319119,8.6044660342757
"163",0.0445295850994266,8.60098215628324
"164",0.0449420266211914,8.59746926964358
"165",0.0453582882551019,8.59392716398695
"166",0.0457784053837662,8.59035562801403
"167",0.0462024137175131,8.58675444950443
"168",0.0466303492974273,8.58312341532555
"169",0.0470622484984128,8.57946231144173
"170",0.047498148032285,8.57577092292381
"171",0.0479380849508911,8.57204903395898
"172",0.0483820966492596,8.56829642786113
"173",0.0488302208687788,8.56451288708144
"174",0.0492824957004051,8.56069819321944
"175",0.0497389595879006,8.55685212703444
"176",0.0501996513311008,8.55297446845735
"177",0.0506646100892127,8.54906499660292
"178",0.0511338753841433,8.54512348978239
"179",0.0516074871038591,8.54114972551658
"180",0.0520854855057766,8.53714348054934
"181",0.0525679112201842,8.53310453086156
"182",0.0530548052536957,8.52903265168551
"183",0.0535462089927361,8.52492761751969
"184",0.0540421642070592,8.52078920214413
"185",0.0545427130532983,8.51661717863614
"186",0.0550478980785497,8.5124113193866
"187",0.0555577622239888,8.50817139611664
"188",0.0560723488285203,8.50389717989492
"189",0.0565917016324624,8.4995884411553
"190",0.0571158647812643,8.4952449497151
"191",0.0576448828292588,8.49086647479388
"192",0.0581788007434494,8.48645278503268
"193",0.0587176639073326,8.48200364851388
"194",0.0592615181247555,8.47751883278154
"195",0.0598104096238094,8.47299810486232
"196",0.0603643850607587,8.46844123128699
"197",0.0609234915240071,8.46384797811243
"198",0.0614877765381002,8.45921811094432
"199",0.062057288067765,8.45455139496032
"200",0.0626320745219869,8.44984759493392
"201",0.0632121847581245,8.44510647525885
"202",0.0637976680860628,8.44032779997417
"203",0.0643885742724042,8.43551133278987
"204",0.0649849535446989,8.43065683711325
"205",0.0655868565957143,8.42576407607585
"206",0.0661943345877439,8.42083281256104
"207",0.0668074391569562,8.41586280923236
"208",0.0674262224177834,8.41085382856239
"209",0.0680507369673521,8.40580563286244
"210",0.068681035889953,8.40071798431287
"211",0.0693171727615541,8.39559064499408
"212",0.0699592016543538,8.39042337691834
"213",0.0706071771413777,8.38521594206217
"214",0.0712611543011175,8.37996810239957
"215",0.0719211887222119,8.37467961993599
"216",0.0725873365081725,8.369350256743
"217",0.0732596542821523,8.36397977499373
"218",0.0739381991917587,8.35856793699914
"219",0.0746230289139111,8.353114505245
"220",0.0753142016597437,8.34761924242972
"221",0.0760117761795533,8.34208191150291
"222",0.076715811767793,8.33650227570484
"223",0.0774263682681127,8.33088009860667
"224",0.0781435060784454,8.3252151441515
"225",0.0788672861561415,8.31950717669628
"226",0.0795977700231499,8.31375596105461
"227",0.0803350197712474,8.30796126254031
"228",0.0810790980673169,8.30212284701192
"229",0.0818300681586739,8.29624048091811
"230",0.0825879938784427,8.29031393134389
"231",0.0833529396509819,8.28434296605781
"232",0.0841249704973612,8.27832735355999
"233",0.0849041520408875,8.27226686313112
"234",0.0856905505126835,8.26616126488237
"235",0.0864842327573172,8.26001032980624
"236",0.0872852662384838,8.25381382982836
"237",0.0880937190447399,8.24757153786019
"238",0.0889096598952916,8.24128322785275
"239",0.0897331581458352,8.23494867485135
"240",0.0905642837944529,8.22856765505114
"241",0.0914031074875623,8.22213994585385
"242",0.0922497005259217,8.21566532592538
"243",0.0931041348706907,8.20914357525443
"244",0.0939664831495469,8.20257447521221
"245",0.0948368186628592,8.19595780861306
"246",0.0957152153899187,8.18929335977617
"247",0.0966017479952265,8.18258091458831
"248",0.0974964918348409,8.17582026056761
"249",0.0983995229627823,8.16901118692836
"250",0.099310918137498,8.16215348464689
"251",0.100230754828387,8.15524694652852
"252",0.101159111222383,8.14829136727552
"253",0.102096066230605,8.14128654355619
"254",0.103041699495059,8.13423227407503
"255",0.103996091395412,8.1271283596439
"256",0.104959323055823,8.11997460325438
"257",0.105931476351837,8.11277081015114
"258",0.106912633917348,8.10551678790641
"259",0.107902879151618,8.09821234649558
"260",0.108902296226373,8.09085729837389
"261",0.10991097009295,8.08345145855416
"262",0.110928986489522,8.07599464468571
"263",0.111956431948388,8.06848667713435
"264",0.112993393803322,8.0609273790634
"265",0.114039960197003,8.05331657651599
"266",0.115096220088503,8.04565409849825
"267",0.11616226326085,8.03793977706376
"268",0.11723818032866,8.03017344739905
"269",0.118324062745838,8.0223549479102
"270",0.119420002813353,8.01448412031053
"271",0.120526093687084,8.0065608097094
"272",0.121642429385737,7.99858486470209
"273",0.122769104798836,7.99055613746077
"274",0.123906215694792,7.98247448382657
"275",0.125053858729039,7.97433976340265
"276",0.126212131452255,7.96615183964846
"277",0.127381132318648,7.95791057997495
"278",0.12856096069433,7.94961585584089
"279",0.129751716865759,7.9412675428502
"280",0.130953502048267,7.93286552085035
"281",0.132166418394661,7.92440967403174
"282",0.133390569003906,7.9158998910281
"283",0.134626057929891,7.90733606501795
"284",0.135872990190271,7.89871809382689
"285",0.137131471775394,7.89004588003104
"286",0.138401609657313,7.88131933106131
"287",0.139683511798874,7.87253835930861
"288",0.140977287162897,7.86370288223005
"289",0.142283045721435,7.85481282245597
"290",0.143600898465126,7.84586810789786
"291",0.144930957412622,7.83686867185713
"292",0.146273335620113,7.82781445313478
"293",0.147628147190939,7.81870539614174
"294",0.148995507285285,7.80954145101011
"295",0.150375532129974,7.80032257370516
"296",0.151768339028341,7.79104872613791
"297",0.153174046370208,7.78171987627864
"298",0.154592773641948,7.77233599827083
"299",0.156024641436637,7.76289707254592
"300",0.157469771464309,7.75340308593858
"301",0.158928286562298,7.74385403180254
"302",0.160400310705682,7.734249910127
"303",0.16188596901782,7.72459072765352
"304",0.163385387780986,7.71487649799331
"305",0.164898694447107,7.70510724174499
"306",0.16642601764859,7.69528298661272
"307",0.167967487209265,7.6854037675246
"308",0.169523234155412,7.67546962675139
"309",0.171093390726901,7.66548061402543
"310",0.172678090388436,7.65543678665979
"311",0.174277467840892,7.64533820966748
"312",0.175891659032773,7.63518495588077
"313",0.177520801171763,7.62497710607055
"314",0.17916503273639,7.61471474906559
"315",0.180824493487795,7.60439798187176
"316",0.182499324481615,7.59402690979105
"317",0.184189668079971,7.58360164654042
"318",0.185895667963569,7.5731223143703
"319",0.187617469143912,7.56258904418276
"320",0.18935521797563,7.5520019756493
"321",0.191109062168914,7.5413612573281
"322",0.192879150802078,7.5306670467807
"323",0.194665634334226,7.51991951068807
"324",0.196468664618045,7.50911882496595
"325",0.198288394912707,7.49826517487938
"326",0.200124979896904,7.48735875515638
"327",0.201978575681988,7.47639977010067
"328",0.203849339825246,7.46538843370327
"329",0.205737431343291,7.45432496975309
"330",0.207643010725577,7.4432096119462
"331",0.209566239948043,7.43204260399382
"332",0.211507282486879,7.42082419972889
"333",0.213466303332424,7.4095546632112
"334",0.215443469003188,7.39823426883078
"335",0.217438947560008,7.38686330140975
"336",0.219452908620331,7.37544205630226
"337",0.221485523372636,7.36397083949252
"338",0.22353696459098,7.35244996769092
"339",0.225607406649686,7.34087976842789
"340",0.227697025538168,7.32926058014566
"341",0.229805998875885,7.31759275228756
"342",0.231934505927443,7.30587664538492
"343",0.234082727617829,7.29411263114143
"344",0.236250846547795,7.28230109251475
"345",0.238439047009372,7.27044242379532
"346",0.240647515001542,7.25853703068227
"347",0.242876438246045,7.24658533035624
"348",0.245126006203334,7.23458775154906
"349",0.247396410088681,7.22254473461008
"350",0.249687842888433,7.21045673156909
"351",0.252000499376409,7.19832420619574
"352",0.254334576130465,7.18614763405509
"353",0.256690271549195,7.1739275025596
"354",0.259067785868801,7.16166431101689
"355",0.261467321180109,7.14935857067362
"356",0.263889081445751,7.13701080475506
"357",0.266333272517498,7.12462154850028
"358",0.268800102153761,7.11219134919287
"359",0.271289780037247,7.09972076618704
"360",0.273802517792786,7.08721037092893
"361",0.276338529005317,7.07466074697301
"362",0.278898029238044,7.06207248999344
"363",0.281481236050758,7.04944620779023
"364",0.28408836901833,7.03678252029005
"365",0.286719649749377,7.02408205954167
"366",0.289375301905095,7.01134546970568
"367",0.292055551218275,6.99857340703852
"368",0.294760625512486,6.98576653987066
"369",0.297490754721444,6.97292554857871
"370",0.300246170908555,6.96005112555141
"371",0.30302710828664,6.94714397514932
"372",0.305833803237843,6.93420481365811
"373",0.308666494333727,6.92123436923526
"374",0.311525422355549,6.90823338185014
"375",0.314410830314726,6.89520260321722
"376",0.317322963473498,6.88214279672237
"377",0.320262069365765,6.8690547373421
"378",0.323228397818138,6.85593921155563
"379",0.326222200971167,6.84279701724963
"380",0.329243733300777,6.82962896361556
"381",0.332293251639897,6.81643587103949
"382",0.335371015200293,6.80321857098432
"383",0.338477285594598,6.78997790586412
"384",0.341612326858553,6.77671472891083
"385",0.344776405473446,6.76342990403281
"386",0.347969790388769,6.75012430566558
"387",0.351192753045073,6.73679881861419
"388",0.354445567397043,6.72345433788762
"389",0.357728509936787,6.71009176852471
"390",0.361041859717334,6.69671202541192
"391",0.364385898376354,6.68331603309245
"392",0.367760910160103,6.6699047255671
"393",0.371167181947576,6.65647904608644
"394",0.374605003274899,6.64303994693446
"395",0.378074666359935,6.62958838920359
"396",0.381576466127125,6.61612534256107
"397",0.385110700232557,6.60265178500658
"398",0.388677669089267,6.58916870262124
"399",0.392277675892772,6.57567708930787
"400",0.395911026646846,6.5621779465225
"401",0.399578030189527,6.5486722829972
"402",0.403278998219371,6.53516111445419
"403",0.407014245321944,6.52164546331128
"404",0.410784088996565,6.50812635837868
"405",0.414588849683291,6.49460483454717
"406",0.418428850790158,6.48108193246771
"407",0.422304418720667,6.46755869822263
"408",0.426215882901532,6.45403618298827
"409",0.430163575810679,6.44051544268937
"410",0.434147833005509,6.42699753764517
"411",0.438168993151419,6.41348353220732
"412",0.44222739805059,6.39997449438983
"413",0.446323392671039,6.38647149549095
"414",0.450457325175946,6.3729756097074
"415",0.45462954695324,6.3594879137409
"416",0.458840412645476,6.3460094863971
"417",0.463090280179974,6.33254140817739
"418",0.467379510799246,6.31908476086333
"419",0.471708469091702,6.30564062709425
"420",0.476077523022637,6.29221008993803
"421",0.480487043965513,6.27879423245535
"422",0.484937406733524,6.26539413725757
"423",0.489428989611453,6.25201088605848
"424",0.493962174387832,6.23864555922026
"425",0.498537346387389,6.22529923529377
"426",0.503154894503805,6.21197299055355
"427",0.507815211232767,6.19866789852768
"428",0.512518692705333,6.18538502952293
"429",0.517265738721602,6.17212545014539
"430",0.522056752784698,6.15889022281698
"431",0.526892142135067,6.14568040528804
"432",0.531772317785097,6.13249705014646
"433",0.536697694554048,6.11934120432357
"434",0.541668691103315,6.10621390859729
"435",0.546685729972018,6.09311619709267
"436",0.551749237612913,6.08004909678044
"437",0.556859644428641,6.06701362697383
"438",0.562017384808319,6.05401079882391
"439",0.567222897164454,6.04104161481413
"440",0.572476623970218,6.02810706825426
"441",0.57777901179705,6.01520814277415
"442",0.583130511352622,6.00234581181776
"443",0.588531577519145,5.98952103813796
"444",0.593982669392036,5.97673477329234
"445",0.599484250318941,5.96398795714067
"446",0.605036787939122,5.95128151734424
"447",0.610640754223204,5.93861636886774
"448",0.616296625513294,5.9259934134839
"449",0.622004882563471,5.91341353928159
"450",0.62776601058065,5.90087762017751
"451",0.633580499265825,5.88838651543229
"452",0.639448842855694,5.87594106917115
"453",0.64537154016467,5.86354210990972
"454",0.65134909462728,5.8511904500855
"455",0.657382014340959,5.83888688559527
"456",0.663470812109235,5.82663219533913
"457",0.669616005485322,5.81442714077135
"458",0.675818116816111,5.80227246545874
"459",0.682077673286569,5.79016889464679
"460",0.68839520696455,5.77811713483417
"461",0.694771254846024,5.76611787335588
"462",0.701206358900718,5.75417177797564
"463",0.707701066118189,5.74227949648785
"464",0.714255928554313,5.73044165632952
"465",0.720871503378214,5.71865886420272
"466",0.727548352919623,5.70693170570779
"467",0.734287044716676,5.69526074498777
"468",0.741088151564157,5.68364652438457
"469",0.747952251562182,5.672089564107
"470",0.754879928165344,5.66059036191132
"471",0.7618717702323,5.64914939279434
"472",0.768928372075831,5.63776710869982
"473",0.776050333513357,5.62644393823812
"474",0.78323825991792,5.61518028641964
"475",0.790492762269642,5.60397653440236
"476",0.797814457207663,5.59283303925363
"477",0.805203967082547,5.58175013372671
"478",0.812661920009195,5.57072812605209
"479",0.82018894992022,5.55976729974405
"480",0.827785696619848,5.54886791342257
"481",0.835452805838287,5.53803020065087
"482",0.843190929286626,5.52725436978875
"483",0.851000724712225,5.51654060386192
"484",0.858882855954625,5.50588906044765
"485",0.866837993001978,5.49529987157651
"486",0.874866812047991,5.48477314365085
"487",0.882969995549409,5.47430895737969
"488",0.89114823228402,5.46390736773046
"489",0.899402217409204,5.45356840389742
"490",0.907732652521023,5.44329206928696
"491",0.916140245713852,5.43307834151994
"492",0.924625711640574,5.42292717245076
"493",0.933189771573324,5.41283848820362
"494",0.941833153464795,5.40281218922558
"495",0.95055659201012,5.39284815035666
"496",0.959360828709314,5.38294622091677
"497",0.968246611930312,5.37310622480959
"498",0.977214696972572,5.36332796064293
"499",0.986265846131282,5.35361120186668
"500",0.995400828762152,5.34395569692539
"501",1.00462042134681,5.33436116943057
"502",1.01392540755882,5.32482731834542
"503",1.02331657833024,5.31535381818848
"504",1.03279473191895,5.30594031925272
"505",1.0423606739764,5.2965864478399
"506",1.05201521761616,5.28729180651063
"507",1.061759183483,5.27805597435032
"508",1.07159339982267,5.26887850724991
"509",1.08151870255229,5.2597589382015
"510",1.09153593533139,5.25069677760893
"511",1.10164594963366,5.24169151361243
"512",1.11184960481927,5.23274261242766
"513",1.12214776820798,5.22384951869838
"514",1.13254131515281,5.21501165586278
"515",1.14303112911448,5.20622842653299
"516",1.15361810173648,5.19749921288736
"517",1.16430313292088,5.18882337707549
"518",1.17508713090481,5.18020026163534
"519",1.18597101233767,5.17162918992222
"520",1.19695570235904,5.16310946654937
"521",1.20804213467733,5.15464037783959
"522",1.21923125164911,5.1462211922877
"523",1.23052400435926,5.13785116103342
"524",1.24192135270178,5.12952951834424
"525",1.2534242654614,5.12125548210795
"526",1.2650337203959,5.11302825433442
"527",1.27675070431927,5.10484702166631
"528",1.28857621318552,5.09671095589814
"529",1.30051125217341,5.08861921450357
"530",1.31255683577184,5.08057094117029
"531",1.32471398786612,5.07256526634224
"532",1.33698374182495,5.06460130776876
"533",1.34936714058831,5.05667817106017
"534",1.36186523675608,5.04879495024959
"535",1.37447909267754,5.04095072836041
"536",1.38720978054162,5.03314457797908
"537",1.4000583824681,5.02537556183298
"538",1.41302599059953,5.01764273337276
"539",1.42611370719413,5.00994513735893
"540",1.43932264471941,5.00228181045231
"541",1.45265392594678,4.99465178180787
"542",1.46610868404698,4.98705407367177
"543",1.4796880626864,4.97948770198108
"544",1.49339321612425,4.97195167696597
"545",1.50722530931076,4.96444500375387
"546",1.5211855179861,4.95696668297542
"547",1.53527502878042,4.94951571137182
"548",1.54949503931463,4.9420910824032
"549",1.56384675830225,4.93469178685778
"550",1.57833140565212,4.92731681346147
"551",1.59295021257212,4.91996514948764
"552",1.60770442167382,4.91263578136675
"553",1.62259528707809,4.9053276952955
"554",1.63762407452169,4.89803987784537
"555",1.6527920614649,4.89077131657014
"556",1.66810053720006,4.88352100061219
"557",1.6835508029612,4.87628792130737
"558",1.69914417203463,4.8690710727881
"559",1.71488196987054,4.86186945258457
"560",1.73076553419573,4.85468206222369
"561",1.74679621512725,4.84750790782577
"562",1.76297537528721,4.84034600069845
"563",1.77930438991858,4.83319535792791
"564",1.7957846470021,4.82605500296704
"565",1.81241754737424,4.8189239662204
"566",1.82920450484629,4.81180128562582
"567",1.84614694632455,4.80468600723238
"568",1.86324631193156,4.79757718577468
"569",1.88050405512858,4.79047388524324
"570",1.8979216428391,4.78337517945066
"571",1.91550055557353,4.77628015259376
"572",1.93324228755505,4.7691878998111
"573",1.95114834684662,4.7620975277361
"574",1.96922025547917,4.75500815504534
"575",1.98745954958098,4.74791891300202
"576",2.00586777950823,4.74082894599443
"577",2.0244465099768,4.73373741206918
"578",2.04319732019527,4.72664348345911
"579",2.06212180399914,4.71954634710574
"580",2.08122156998634,4.71244520517601
"581",2.10049824165392,4.70533927557326
"582",2.11995345753607,4.69822779244217
"583",2.13958887134342,4.6911100066676
"584",2.15940615210357,4.68398518636701
"585",2.17940698430296,4.67685261737649
"586",2.19959306803007,4.66971160372991
"587",2.21996611911995,4.66256146813132
"588",2.24052786930002,4.65540155242009
"589",2.26128006633728,4.6482312180288
"590",2.2822244741869,4.64104984643351
"591",2.30336287314213,4.63385683959624
"592",2.32469705998565,4.62665162039931
"593",2.34622884814226,4.61943363307148
"594",2.36796006783308,4.6122023436053
"595",2.38989256623105,4.6049572401657
"596",2.41202820761801,4.59769783348925
"597",2.43436887354311,4.59042365727395
"598",2.45691646298279,4.58313426855908
"599",2.47967289250216,4.57582924809482
"600",2.50264009641792,4.56850820070124
"601",2.52582002696278,4.56117075561637
"602",2.54921465445142,4.5538165668327
"603",2.57282596744793,4.54644531342197
"604",2.59665597293487,4.53905669984768
"605",2.62070669648385,4.53165045626475
"606",2.64498018242772,4.52422633880612
"607",2.66947849403432,4.51678412985553
"608",2.69420371368188,4.5093236383062
"609",2.71915794303602,4.50184469980468
"610",2.74434330322837,4.49434717697953
"611",2.76976193503689,4.48683095965415
"612",2.79541599906786,4.47929596504322
"613",2.82130767593947,4.47174213793222
"614",2.84743916646725,4.46416945083944
"615",2.87381269185107,4.45657790415979
"616",2.90043049386399,4.44896752629
"617",2.92729483504282,4.44133837373439
"618",2.95440799888038,4.43369053119075
"619",2.98177229001967,4.42602411161566
"620",3.00939003444972,4.41833925626863
"621",3.03726357970331,4.41063613473451
"622",3.06539529505653,4.40291494492344
"623",3.09378757173014,4.39517591304792
"624",3.12244282309286,4.38741929357623
"625",3.15136348486648,4.37964536916175
"626",3.18055201533292,4.37185445054756
"627",3.21001089554317,4.36404687644584
"628",3.2397426295282,4.3562230133914
"629",3.26974974451177,4.34838325556906
"630",3.30003479112529,4.34052802461423
"631",3.33060034362459,4.33265776938634
"632",3.36144900010876,4.32477296571466
"633",3.39258338274099,4.31687411611627
"634",3.42400613797143,4.30896174948561
"635",3.45571993676214,4.30103642075563
"636",3.48772747481418,4.29309871053002
"637",3.52003147279668,4.28514922468657
"638",3.55263467657814,4.27718859395134
"639",3.58553985745982,4.26921747344367
"640",3.61874981241128,4.26123654219204
"641",3.65226736430818,4.25324650262061
"642",3.68609536217216,4.24524808000691
"643",3.72023668141307,4.23724202191051
"644",3.75469422407334,4.22922909757307
"645",3.78947091907467,4.22121009729013
"646",3.824569722467,4.21318583175487
"647",3.85999361767977,4.20515713137448
"648",3.8957456157755,4.19712484555951
"649",3.93182875570577,4.18908984198696
"650",3.96824610456948,4.18105300583766
"651",4.00500075787361,4.17301523900879
"652",4.04209583979631,4.16497745930237
"653",4.07953450345245,4.15694059959062
"654",4.11731993116168,4.14890560695918
"655",4.15545533471888,4.14087344182924
"656",4.19394395566719,4.13284507705981
"657",4.23278906557355,4.12482149703115
"658",4.27199396630678,4.1168036967109
"659",4.31156199031823,4.10879268070398
"660",4.35149650092505,4.10078946228788
"661",4.39180089259609,4.09279506243466
"662",4.4324785912404,4.08481050882129
"663",4.47353305449846,4.07683683482982
"664",4.5149677720361,4.06887507853902
"665",4.55678626584106,4.0609262817092
"666",4.59899209052244,4.05299148876182
"667",4.64158883361278,4.04507174575572
"668",4.68458011587304,4.03716809936166
"669",4.72796959160039,4.02928159583695
"670",4.77176094893875,4.02141328000201
"671",4.81595791019235,4.01356419422063
"672",4.86056423214213,4.00573537738575
"673",4.90558370636505,3.99792786391258
"674",4.95102015955635,3.99014268274081
"675",4.99687745385488,3.98238085634773
"676",5.04315948717136,3.97464339977408
"677",5.08987019351968,3.96693131966421
"678",5.13701354335134,3.9592456133224
"679",5.18459354389291,3.95158726778693
"680",5.23261423948666,3.94395725892358
"681",5.28107971193433,3.93635655054001
"682",5.32999408084409,3.92878609352265
"683",5.3793615039807,3.92124682499757
"684",5.42918617761894,3.91373966751654
"685",5.47947233690029,3.90626552826985
"686",5.5302242561929,3.89882529832692
"687",5.58144624945496,3.89141985190598
"688",5.63314267060136,3.88405004567391
"689",5.68531791387375,3.87671671807722
"690",5.73797641421413,3.86942068870499
"691",5.79112264764176,3.86216275768486
"692",5.84476113163363,3.85494370511249
"693",5.8988964255085,3.84776429051538
"694",5.95353313081437,3.84062525235147
"695",6.00867589171969,3.83352730754304
"696",6.06432939540806,3.82647115104625
"697",6.1204983724767,3.81945745545662
"698",6.17718759733849,3.81248687065054
"699",6.23440188862786,3.80556002346308
"700",6.29214610961034,3.79867751740188
"701",6.35042516859596,3.7918399323972
"702",6.40924401935645,3.7850478245878
"703",6.46860766154633,3.77830172614256
"704",6.52852114112785,3.77160214511735
"705",6.58898955079995,3.76494956534674
"706",6.65001803043112,3.75834444637016
"707",6.71161176749628,3.7517872233918
"708",6.77377599751775,3.74527830727369
"709",6.83651600451024,3.7388180845612
"710",6.89983712143002,3.73240691754022
"711",6.96374473062822,3.72604514432524
"712",7.02824426430835,3.71973307897733
"713",7.093341204988,3.71347101165115
"714",7.15904108596489,3.70725920877014
"715",7.22534949178721,3.70109791322857
"716",7.29227205872831,3.69498734461976
"717",7.35981447526576,3.68892769948912
"718",7.42798248256492,3.68291915161104
"719",7.49678187496688,3.67696185228837
"720",7.56621850048105,3.67105593067356
"721",7.63629826128224,3.66520149411001
"722",7.7070271142123,3.65939862849267
"723",7.77841107128649,3.65364739864663
"724",7.85045620020451,3.64794784872246
"725",7.92316862486625,3.64230000260722
"726",7.99655452589235,3.63670386434984
"727",8.0706201411495,3.6311594185998
"728",8.14537176628074,3.62566663105783
"729",8.22081575524054,3.62022544893762
"730",8.29695852083491,3.61483580143724
"731",8.37380653526649,3.60949760021923
"732",8.45136633068471,3.60421073989834
"733",8.52964449974102,3.59897509853565
"734",8.60864769614924,3.5937905381382
"735",8.68838263525118,3.58865690516306
"736",8.76885609458743,3.58357403102469
"737",8.85007491447344,3.57854173260494
"738",8.93204599858097,3.57355981276442
"739",9.01477631452492,3.56862806085459
"740",9.09827289445556,3.56374625322954
"741",9.18254283565628,3.55891415375675
"742",9.26759330114688,3.55413151432591
"743",9.35343152029239,3.54939807535523
"744",9.4400647894176,3.54471356629421
"745",9.52750047242729,3.54007770612258
"746",9.6157460014321,3.53549020384435
"747",9.70480887738031,3.53095075897667
"748",9.7946966706954,3.52645906203278
"749",9.88541702191957,3.52201479499854
"750",9.9769776423632,3.51761763180195
"751",10.0693863147603,3.51326723877541
"752",10.16265089393,3.50896327511002
"753",10.2567793074442,3.50470539330168
"754",10.3517795563018,3.50049323958867
"755",10.447659715608,3.49632645438015
"756",10.5444279352617,3.49220467267557
"757",10.6420924406472,3.48812752447448
"758",10.7406615333343,3.48409463517665
"759",10.8401435917833,3.48010562597227
"760",10.9405470720574,3.47616011422193
"761",11.0418805085416,3.47225771382644
"762",11.1441525146679,3.46839803558619
"763",11.2473717836475,3.46458068755001
"764",11.35154708921,3.46080527535349
"765",11.4566872863487,3.45707140254665
"766",11.5628013120738,3.453378670911
"767",11.6698981861715,3.44972668076594
"768",11.7779870119712,3.44611503126446
"769",11.887076977119,3.44254332067837
"770",11.9971773543588,3.43901114667284
"771",12.1082975023204,3.43551810657058
"772",12.2204468663149,3.43206379760556
"773",12.3336349791378,3.42864781716643
"774",12.4478714618791,3.42526976302985
"775",12.5631660247412,3.42192923358369
"776",12.6795284678643,3.41862582804038
"777",12.7969686821594,3.41535914664046
"778",12.9154966501488,3.41212879084664
"779",13.0351224468151,3.40893436352833
"780",13.155856240457,3.40577546913699
"781",13.2777082935543,3.40265171387252
"782",13.4006889636395,3.3995627058406
"783",13.5248087041788,3.39650805520163
"784",13.6500780654601,3.39348737431104
"785",13.7765076954905,3.39050027785145
"786",13.9041083409007,3.38754638295687
"787",14.0328908478587,3.38462530932898
"788",14.162866162992,3.38173667934597
"789",14.2940453343176,3.37888011816397
"790",14.4264395121816,3.37605525381137
"791",14.5600599502065,3.37326171727622
"792",14.6949180062482,3.37049914258701
"793",14.831025143361,3.36776716688697
"794",14.9683929307726,3.36506543050217
"795",15.1070330448665,3.36239357700361
"796",15.2469572701757,3.35975125326352
"797",15.3881775003835,3.35713810950615
"798",15.5307057393346,3.3545537993532
"799",15.674554102056,3.35199797986414
"800",15.819734815786,3.34947031157156
"801",15.9662602210143,3.34697045851196
"802",16.1141427725302,3.34449808825187
"803",16.2633950404819,3.34205287190983
"804",16.4140297114447,3.33963448417418
"805",16.5660595894991,3.337242603317
"806",16.7194975973199,3.33487691120431
"807",16.8743567772738,3.33253709330276
"808",17.0306502925284,3.33022283868295
"809",17.1883914281715,3.32793384001963
"810",17.3475935923393,3.32566979358886
"811",17.5082703173573,3.32343039926232
"812",17.6704352608895,3.32121536049902
"813",17.8341022071001,3.31902438433442
"814",17.9992850678248,3.31685718136722
"815",18.1659978837533,3.31471346574398
"816",18.3342548256229,3.31259295514152
"817",18.504070195423,3.31049537074758
"818",18.6754584276108,3.30842043723951
"819",18.848434090338,3.30636788276136
"820",19.0230118866894,3.30433743889941
"821",19.1992066559328,3.30232884065623
"822",19.3770333747799,3.30034182642341
"823",19.5565071586595,3.29837613795315
"824",19.7376432630026,3.29643152032861
"825",19.9204570845387,3.29450772193332
"826",20.104964162605,3.29260449441968
"827",20.2911801804668,3.29072159267661
"828",20.4791209666509,3.28885877479637
"829",20.6688024962908,3.28701580204088
"830",20.860240892485,3.28519243880732
"831",21.0534524276671,3.28338845259328
"832",21.2484535249888,3.28160361396142
"833",21.4452607597167,3.27983769650382
"834",21.6438908606402,3.27809047680596
"835",21.8443607114943,3.27636173441049
"836",22.0466873523941,3.27465125178073
"837",22.2508879812837,3.27295881426416
"838",22.4569799553977,3.27128421005562
"839",22.6649807927369,3.26962723016068
"840",22.874908173557,3.26798766835881
"841",23.0867799418717,3.26636532116673
"842",23.3006141069692,3.26475998780174
"843",23.5164288449435,3.26317147014522
"844",23.7342425002387,3.26159957270622
"845",23.9540735872088,3.26004410258528
"846",24.1759407916913,3.25850486943841
"847",24.3998629725955,3.2569816854413
"848",24.6258591635055,3.25547436525379
"849",24.853948574298,3.25398272598464
"850",25.0841505927754,3.25250658715655
"851",25.3164847863136,3.25104577067152
"852",25.5509709035251,3.2496001007765
"853",25.787628875938,3.24816940402946
"854",26.02647881969,3.24675350926576
"855",26.2675410372384,3.24535224756485
"856",26.5108360190854,3.24396545221748
"857",26.7563844455205,3.24259295869316
"858",27.0042071883777,3.2412346046081
"859",27.2543253128103,3.23989022969353
"860",27.5067600790806,3.23855967576444
"861",27.761532944368,3.2372427866887
"862",28.018665564592,3.23593940835665
"863",28.2781797962534,3.2346493886511
"864",28.5400976982924,3.23337257741768
"865",28.804441533963,3.23210882643577
"866",29.0712337727258,3.23085798938965
"867",29.3404970921579,3.22961992184029
"868",29.6122543798803,3.22839448119741
"869",29.8865287355038,3.22718152669203
"870",30.163343472592,3.22598091934941
"871",30.442722120643,3.22479252196246
"872",30.72468842709,3.22361619906553
"873",31.0092663593193,3.22245181690859
"874",31.2964801067075,3.2212992434319
"875",31.5863540826782,3.22015834824101
"876",31.8789129267765,3.21902900258217
"877",32.1741815067637,3.21791107931822
"878",32.4721849207313,3.21680445290477
"879",32.7729484992338,3.21570899936682
"880",33.0764978074424,3.21462459627577
"881",33.3828586473176,3.21355112272681
"882",33.6920570598027,3.21248845931662
"883",34.0041193270371,3.21143648812157
"884",34.3190719745904,3.21039509267616
"885",34.6369417737173,3.20936415795184
"886",34.9577557436328,3.20834357033628
"887",35.2815411538088,3.20733321761284
"888",35.6083255262928,3.20633298894051
"889",35.9381366380463,3.2053427748341
"890",36.2710025233065,3.2043624671448
"891",36.606951475969,3.20339195904109
"892",36.946012051993,3.20243114498986
"893",37.2882130718283,3.20147992073802
"894",37.6335836228653,3.20053818329422
"895",37.9821530619074,3.19960583091106
"896",38.333951017666,3.19868276306743
"897",38.6890073932798,3.19776888045131
"898",39.0473523688556,3.19686408494267
"899",39.4090164040345,3.19596827959684
"900",39.7740302405804,3.19508136862798
"901",40.1424249049932,3.19420325739301
"902",40.5142317111465,3.1933338523756
"903",40.8894822629486,3.1924730611706
"904",41.2682084570295,3.19162079246862
"905",41.6504424854518,3.1907769560409
"906",42.0362168384471,3.18994146272443
"907",42.4255643071778,3.18911422440728
"908",42.8185179865241,3.18829515401425
"909",43.2151112778976,3.18748416549261
"910",43.6153778920801,3.18668117379822
"911",44.0193518520887,3.1858860948818
"912",44.4270674960688,3.18509884567543
"913",44.8385594802119,3.18431934407922
"914",45.2538627817017,3.18354750894834
"915",45.6730127016875,3.18278326008005
"916",46.0960448682843,3.18202651820113
"917",46.5229952396019,3.18127720495538
"918",46.9539001068006,3.18053524289137
"919",47.3887960971765,3.17980055545037
"920",47.8277201772749,3.17907306695452
"921",48.2707096560318,3.17835270259507
"922",48.7178021879463,3.17763938842094
"923",49.1690357762803,3.17693305132736
"924",49.6244487762891,3.17623361904474
"925",50.0840798984821,3.17554102012769
"926",50.5479682119124,3.1748551839442
"927",51.0161531474983,3.17417604066505
"928",51.4886745013749,3.17350352125327
"929",51.9655724382766,3.17283755745389
"930",52.4468874949512,3.17217808178374
"931",52.9326605836056,3.17152502752149
"932",53.4229329953835,3.17087832869777
"933",53.917746403875,3.1702379200855
"934",54.4171428686589,3.16960373719032
"935",54.9211648388779,3.16897571624121
"936",55.4298551568467,3.1683537941812
"937",55.9432570616938,3.16773790865826
"938",56.4614141930367,3.16712799801633
"939",56.9843705946914,3.16652400128643
"940",57.5121707184161,3.16592585817797
"941",58.0448594276898,3.16533350907017
"942",58.5824820015254,3.16474689500356
"943",59.1250841383188,3.16416595767167
"944",59.6727119597332,3.16359063941281
"945",60.2254120146193,3.16302088320198
"946",60.7832312829723,3.1624566326429
"947",61.3462171799251,3.16189783196014
"948",61.9144175597784,3.16134442599138
"949",62.4878807200689,3.1607963601798
"950",63.0666554056741,3.16025358056654
"951",63.6507908129557,3.15971603378332
"952",64.2403365939419,3.15918366704509
"953",64.8353428605472,3.15865642814289
"954",65.4358601888324,3.1581342654367
"955",66.0419396233031,3.15761712784851
"956",66.6536326812491,3.15710496485538
"957",67.2709913571234,3.15659772648267
"958",67.8940681269611,3.15609536329736
"959",68.5229159528406,3.1555978264014
"960",69.1575882873853,3.15510506742525
"961",69.7981390783066,3.15461703852146
"962",70.4446227729904,3.15413369235833
"963",71.0970943231243,3.15365498211368
"964",71.7556091893693,3.1531808614687
"965",72.4202233460732,3.15271128460189
"966",73.0909932860291,3.15224620618312
"967",73.7679760252773,3.15178558136765
"968",74.4512291079513,3.15132936579042
"969",75.1408106111697,3.15087751556025
"970",75.8367791499719,3.15042998725421
"971",76.5391938823015,3.14998673791205
"972",77.248114514034,3.1495477250307
"973",77.9636013040523,3.14911290655885
"974",78.6857150693685,3.1486822408916
"975",79.4145171902934,3.14825568686519
"976",80.150069615654,3.14783320375181
"977",80.8924348680594,3.14741475125443
"978",81.6416760492146,3.14700028950178
"979",82.3978568452852,3.14658977904335
"980",83.1610415323096,3.14618318084445
"981",83.9312949816636,3.14578045628134
"982",84.708682665574,3.14538156713649
"983",85.4932706626838,3.14498647559378
"984",86.2851256636689,3.1445951442339
"985",87.0843149769072,3.14420753602968
"986",87.8909065341995,3.14382361434163
"987",88.704968896544,3.14344334291337
"988",89.5265712599639,3.14306668586726
"989",90.3557834613893,3.14269360770005
"990",91.192675984593,3.14232407327852
"991",92.0373199661822,3.14195804783527
"992",92.889787201645,3.14159549696452
"993",93.7501501514529,3.14123638661796
"994",94.61848194722,3.14088068310069
"995",95.4948563979197,3.14052835306714
"996",96.3793479961579,3.14017936351716
"997",97.2720319245054,3.13983368179203
"998",98.1729840618884,3.13949127557063
"999",99.082280990038,3.13915211286558
"1000",100,3.13881616201949
